name,last_modified,size
0a/,2025-02-23 15:53,-
0b/,2025-02-22 23:52,-
0c/,2025-02-25 08:52,-
0d/,2025-02-25 08:52,-
0e/,2025-02-24 08:52,-
0f/,2025-02-23 04:53,-
00/,2025-02-23 21:54,-
01/,2025-02-22 23:52,-
02/,2025-02-24 22:54,-
03/,2025-02-23 21:54,-
04/,2025-02-24 16:54,-
05/,2025-02-23 22:52,-
06/,2025-02-25 08:52,-
07/,2025-02-23 20:53,-
08/,2025-02-23 05:52,-
09/,2025-02-25 08:52,-
1a/,2025-02-24 12:53,-
1b/,2025-02-23 11:58,-
1c/,2025-02-24 16:54,-
1d/,2025-02-22 23:52,-
1e/,2025-02-22 23:52,-
1f/,2025-02-23 00:52,-
2a/,2025-02-24 01:53,-
2b/,2025-02-23 02:52,-
2c/,2025-02-23 22:53,-
2d/,2025-02-25 08:52,-
2e/,2025-02-22 15:53,-
2f/,2025-02-22 22:55,-
3a/,2025-02-22 22:59,-
3b/,2025-02-22 23:52,-
3c/,2025-02-24 16:54,-
3d/,2025-02-22 23:52,-
3e/,2025-02-23 09:54,-
3f/,2025-02-24 05:53,-
4a/,2025-02-24 00:53,-
4b/,2025-02-22 10:54,-
4c/,2025-02-22 23:52,-
4d/,2025-02-25 08:52,-
4e/,2025-02-24 04:52,-
4f/,2025-02-24 14:53,-
5a/,2025-02-23 09:53,-
5b/,2025-02-24 14:53,-
5c/,2025-02-23 01:54,-
5d/,2025-02-23 14:53,-
5e/,2025-02-22 22:58,-
5f/,2025-02-23 21:54,-
6a/,2025-02-23 22:52,-
6b/,2025-02-24 22:54,-
6c/,2025-02-23 15:53,-
6d/,2025-02-22 08:52,-
6e/,2025-02-25 08:52,-
6f/,2025-02-23 21:54,-
7a/,2025-02-22 22:56,-
7b/,2025-02-21 19:54,-
7c/,2025-02-22 16:54,-
7d/,2025-02-22 22:58,-
7e/,2025-02-23 22:53,-
7f/,2025-02-22 22:56,-
8a/,2025-02-24 12:53,-
8b/,2025-02-24 08:54,-
8c/,2025-02-22 22:59,-
8d/,2025-02-22 22:57,-
8e/,2025-02-24 14:53,-
8f/,2025-02-24 13:52,-
9a/,2025-02-22 23:31,-
9b/,2025-02-24 16:54,-
9c/,2025-02-22 23:00,-
9d/,2025-02-22 23:00,-
9e/,2025-02-25 08:52,-
9f/,2025-02-22 22:58,-
10/,2025-02-22 16:54,-
11/,2025-02-24 10:53,-
12/,2025-02-22 22:58,-
13/,2025-02-22 23:52,-
14/,2025-02-24 16:54,-
15/,2025-02-23 22:52,-
16/,2025-02-25 08:52,-
17/,2025-02-22 23:00,-
18/,2025-02-24 13:52,-
19/,2025-02-23 05:52,-
20/,2025-02-24 14:53,-
21/,2025-02-24 14:53,-
22/,2025-02-22 16:54,-
23/,2025-02-24 12:53,-
24/,2025-02-23 22:53,-
25/,2025-02-21 12:03,-
26/,2025-02-23 15:53,-
27/,2025-02-25 08:52,-
28/,2025-02-24 08:53,-
29/,2025-02-22 07:52,-
30/,2025-02-23 09:53,-
31/,2025-02-24 16:54,-
32/,2025-02-22 03:52,-
33/,2025-02-22 15:53,-
34/,2025-02-22 23:00,-
35/,2025-02-22 22:57,-
36/,2025-02-22 22:58,-
37/,2025-02-22 07:52,-
38/,2025-02-24 08:52,-
39/,2025-02-24 08:54,-
40/,2025-02-23 22:52,-
41/,2025-02-22 23:00,-
42/,2025-02-24 09:31,-
43/,2025-02-25 07:52,-
44/,2025-02-24 14:53,-
45/,2025-02-22 23:00,-
46/,2025-02-23 21:54,-
47/,2025-02-22 23:00,-
48/,2025-02-22 23:00,-
49/,2025-02-23 22:52,-
50/,2025-02-21 18:53,-
51/,2025-02-22 23:00,-
52/,2025-02-25 01:52,-
53/,2025-02-22 23:52,-
54/,2025-02-22 22:58,-
55/,2025-02-23 20:52,-
56/,2025-02-25 01:52,-
57/,2025-02-22 16:54,-
58/,2025-02-23 22:52,-
59/,2025-02-24 14:53,-
60/,2025-02-25 07:53,-
61/,2025-02-23 22:52,-
62/,2025-02-23 22:53,-
63/,2025-02-24 14:53,-
64/,2025-02-23 01:54,-
65/,2025-02-23 17:53,-
66/,2025-02-22 10:54,-
67/,2025-02-23 21:54,-
68/,2025-02-22 22:59,-
69/,2025-02-23 03:52,-
70/,2025-02-23 09:53,-
71/,2025-02-24 10:53,-
72/,2025-02-17 21:54,-
73/,2025-02-25 08:52,-
74/,2025-02-23 21:54,-
75/,2025-02-23 01:54,-
76/,2025-02-21 19:54,-
77/,2025-02-25 08:52,-
78/,2025-02-25 08:52,-
79/,2025-02-21 13:55,-
80/,2025-02-25 08:52,-
81/,2025-02-25 00:54,-
82/,2025-02-22 23:01,-
83/,2025-02-25 08:52,-
84/,2025-02-24 14:53,-
85/,2025-02-25 01:52,-
86/,2025-02-22 23:52,-
87/,2025-02-22 07:52,-
88/,2025-02-23 14:53,-
89/,2025-02-25 07:53,-
90/,2025-02-25 04:53,-
91/,2025-02-21 23:52,-
92/,2025-02-22 16:54,-
93/,2025-02-23 22:53,-
94/,2025-02-24 14:53,-
95/,2025-02-24 16:54,-
96/,2025-02-22 16:54,-
97/,2025-02-23 21:54,-
98/,2025-02-24 14:53,-
99/,2025-02-22 13:52,-
README,2023-09-14 04:14,96
a0/,2025-02-24 04:54,-
a1/,2025-02-22 22:52,-
a2/,2025-02-22 16:54,-
a3/,2025-02-22 23:52,-
a4/,2025-02-22 16:54,-
a5/,2025-02-22 22:55,-
a6/,2025-02-25 07:53,-
a7/,2025-02-24 22:54,-
a8/,2025-02-24 16:54,-
a9/,2025-02-24 14:53,-
aa/,2025-02-23 15:53,-
ab/,2025-02-22 16:54,-
ac/,2025-02-22 23:53,-
ad/,2025-02-21 17:53,-
ae/,2025-02-22 22:59,-
af/,2025-02-24 14:53,-
b0/,2025-02-22 07:52,-
b1/,2025-02-22 22:59,-
b2/,2025-02-24 04:52,-
b3/,2025-02-24 19:54,-
b4/,2025-02-23 22:52,-
b5/,2025-02-23 23:53,-
b6/,2025-02-23 21:54,-
b7/,2025-02-22 07:52,-
b8/,2025-02-22 23:00,-
b9/,2025-02-22 23:52,-
ba/,2025-02-24 22:54,-
bb/,2025-02-23 21:54,-
bc/,2025-02-22 07:52,-
bd/,2025-02-23 15:53,-
be/,2025-02-25 07:53,-
bf/,2025-02-23 05:52,-
c0/,2025-02-22 23:00,-
c1/,2025-02-25 08:52,-
c2/,2025-02-24 04:52,-
c3/,2025-02-22 22:57,-
c4/,2025-02-23 23:53,-
c5/,2025-02-23 03:52,-
c6/,2025-02-25 08:52,-
c7/,2025-02-24 09:53,-
c8/,2025-02-23 21:54,-
c9/,2025-02-22 22:53,-
ca/,2025-02-24 12:53,-
cb/,2025-02-24 16:54,-
cc/,2025-02-24 14:53,-
cd/,2025-02-22 23:52,-
ce/,2025-02-23 03:52,-
cf/,2025-02-24 10:53,-
d0/,2025-02-22 23:52,-
d1/,2025-02-23 22:53,-
d2/,2025-02-24 05:55,-
d3/,2025-02-22 23:31,-
d4/,2025-02-22 23:00,-
d5/,2025-02-25 04:52,-
d6/,2025-02-24 19:52,-
d7/,2025-02-24 16:54,-
d8/,2025-02-23 08:57,-
d9/,2025-02-22 23:31,-
da/,2025-02-22 22:53,-
db/,2025-02-22 20:53,-
dc/,2025-02-22 18:52,-
dd/,2025-02-24 12:53,-
de/,2025-02-23 03:52,-
df/,2025-02-24 08:52,-
e0/,2025-02-22 23:52,-
e1/,2025-02-21 17:52,-
e2/,2025-02-25 07:53,-
e3/,2025-02-25 04:53,-
e4/,2025-02-24 04:52,-
e5/,2025-02-24 16:54,-
e6/,2025-02-22 23:01,-
e7/,2025-02-24 04:52,-
e8/,2025-02-22 22:59,-
e9/,2025-02-24 05:53,-
ea/,2025-02-25 08:52,-
eb/,2025-02-22 02:52,-
ec/,2025-02-22 16:54,-
ed/,2025-02-23 19:52,-
ee/,2025-02-24 16:54,-
ef/,2025-02-25 04:52,-
f0/,2025-02-24 16:54,-
f1/,2025-02-23 21:54,-
f2/,2025-02-24 14:53,-
f3/,2025-02-23 22:52,-
f4/,2025-02-25 08:52,-
f5/,2025-02-25 08:52,-
f6/,2025-02-22 23:53,-
f7/,2025-02-24 08:52,-
f8/,2025-02-24 00:53,-
f9/,2025-02-23 21:54,-
fa/,2025-02-22 22:59,-
fb/,2025-02-22 13:54,-
fc/,2025-02-24 04:52,-
fd/,2025-02-23 14:53,-
fe/,2025-02-24 14:53,-
ff/,2025-02-22 08:52,-
fifo-cronolog-1.1.1.tar.bz2,2010-10-11 20:45,3.1K
fifo-cronolog-1.2.3.tar.gz,2024-03-13 05:20,4.4K
floppym-test.txt,2024-03-13 19:23,15
layout.conf,2023-09-14 05:29,38
safecat-1.13-clang-fixes.patch,2024-11-30 17:04,35K
smartctl_exporter-0.12.0-vendor.tar.xz,2024-05-16 05:40,1.3M
timestamp.dev-local,2025-02-25 08:45,49
timestamp.mirmon,2025-02-25 08:54,11
