{
  "gcps": {
    "points": [
      {
        "sr": "{\"wkid\":32614,\"latestWkid\":32614,\"vcsWkid\":5773,\"latestVcsWkid\":5773}",
        "swatches": [],
        "ele": 206.18832433428702,
        "lon": 586127.8359835475,
        "lat": 3282277.9081300627,
        "ct": {
          "id": "GCP"
        },
        "ilinks": 5,
        "id": "ab9b9dcb-fc66-475d-9e2f-0354bdca3b4b",
        "name": "From Map 0",
        "xy_acc": 0.02,
        "z_acc": 0.02
      },
      {
        "sr": "{\"wkid\":32614,\"latestWkid\":32614,\"vcsWkid\":5773,\"latestVcsWkid\":5773}",
        "swatches": [],
        "ele": 205.019735974989,
        "lon": 586225.75788681163,
        "lat": 3282235.5783953965,
        "ct": {
          "id": "GCP"
        },
        "ilinks": 6,
        "id": "7e24ecc0-d6a3-45e7-8424-57e15bb3368f",
        "name": "From Map 1",
        "xy_acc": 0.02,
        "z_acc": 0.02
      },
      {
        "sr": "{\"wkid\":32614,\"latestWkid\":32614,\"vcsWkid\":5773,\"latestVcsWkid\":5773}",
        "swatches": [],
        "ele": 208.0836712546197,
        "lon": 586186.677219886,
        "lat": 3282156.5412444682,
        "ct": {
          "id": "GCP"
        },
        "ilinks": 5,
        "id": "b4aac3e5-7b23-4044-b92b-d851f9adff43",
        "name": "From Map 2",
        "xy_acc": 0.02,
        "z_acc": 0.02
      }
    ],
    "sr": "{\"wkid\":32614,\"latestWkid\":32614,\"vcsWkid\":5773,\"latestVcsWkid\":5773}",
    "vr": "{\"id\":3,\"geoidH\":0.0}"
  },
  "links": {
    "links": [
      {
        "ctrl_id": "7e24ecc0-d6a3-45e7-8424-57e15bb3368f",
        "scale": 1.0,
        "color": "#FFFFFF00",
        "image": "D:\\Esri\\training_external\\MOOC_2021\\SubdivisionDrone\\DJI_0446.jpg",
        "x": 3148.27397260274,
        "y": 1984.6061458290251
      },
      {
        "ctrl_id": "7e24ecc0-d6a3-45e7-8424-57e15bb3368f",
        "scale": 1.0,
        "color": "#FFFFFF00",
        "image": "D:\\Esri\\training_external\\MOOC_2021\\SubdivisionDrone\\DJI_0447.jpg",
        "x": 3110.794520547945,
        "y": 3101.0791182431035
      },
      {
        "ctrl_id": "7e24ecc0-d6a3-45e7-8424-57e15bb3368f",
        "scale": 1.0,
        "color": "#FFFFFF00",
        "image": "D:\\Esri\\training_external\\MOOC_2021\\SubdivisionDrone\\DJI_0445.jpg",
        "x": 3193.2493150684932,
        "y": 898.30811861532732
      },
      {
        "ctrl_id": "7e24ecc0-d6a3-45e7-8424-57e15bb3368f",
        "scale": 1.0,
        "color": "#FFFFFF00",
        "image": "D:\\Esri\\training_external\\MOOC_2021\\SubdivisionDrone\\DJI_0422.jpg",
        "x": 1199.3424657534247,
        "y": 2112.8496629306424
      },
      {
        "ctrl_id": "7e24ecc0-d6a3-45e7-8424-57e15bb3368f",
        "scale": 1.0,
        "color": "#FFFFFF00",
        "image": "D:\\Esri\\training_external\\MOOC_2021\\SubdivisionDrone\\DJI_0421.jpg",
        "x": 1176.854794520548,
        "y": 3214.23516274453
      },
      {
        "ctrl_id": "7e24ecc0-d6a3-45e7-8424-57e15bb3368f",
        "scale": 1.0,
        "color": "#FFFFFF00",
        "image": "D:\\Esri\\training_external\\MOOC_2021\\SubdivisionDrone\\DJI_0423.jpg",
        "x": 1221.8301369863013,
        "y": 1041.6391083171347
      },
      {
        "ctrl_id": "b4aac3e5-7b23-4044-b92b-d851f9adff43",
        "scale": 1.0,
        "color": "#FFFFFF00",
        "image": "D:\\Esri\\training_external\\MOOC_2021\\SubdivisionDrone\\DJI_0407.jpg",
        "x": 3605.523287671233,
        "y": 2014.7810910294056
      },
      {
        "ctrl_id": "b4aac3e5-7b23-4044-b92b-d851f9adff43",
        "scale": 1.0,
        "color": "#FFFFFF00",
        "image": "D:\\Esri\\training_external\\MOOC_2021\\SubdivisionDrone\\DJI_0376.jpg",
        "x": 1521.6657534246576,
        "y": 2527.7551594358738
      },
      {
        "ctrl_id": "b4aac3e5-7b23-4044-b92b-d851f9adff43",
        "scale": 1.0,
        "color": "#FFFFFF00",
        "image": "D:\\Esri\\training_external\\MOOC_2021\\SubdivisionDrone\\DJI_0408.jpg",
        "x": 3590.5315068493151,
        "y": 3168.9727449439592
      },
      {
        "ctrl_id": "b4aac3e5-7b23-4044-b92b-d851f9adff43",
        "scale": 1.0,
        "color": "#FFFFFF00",
        "image": "D:\\Esri\\training_external\\MOOC_2021\\SubdivisionDrone\\DJI_0377.jpg",
        "x": 1551.6493150684933,
        "y": 1373.5635055213202
      },
      {
        "ctrl_id": "b4aac3e5-7b23-4044-b92b-d851f9adff43",
        "scale": 1.0,
        "color": "#FFFFFF00",
        "image": "D:\\Esri\\training_external\\MOOC_2021\\SubdivisionDrone\\DJI_0406.jpg",
        "x": 3613.019178082192,
        "y": 853.04570081475651
      },
      {
        "ctrl_id": "ab9b9dcb-fc66-475d-9e2f-0354bdca3b4b",
        "scale": 1.0,
        "color": "#FFFFFF00",
        "image": "D:\\Esri\\training_external\\MOOC_2021\\SubdivisionDrone\\DJI_0383.jpg",
        "x": 1401.7315068493151,
        "y": 2912.4857107407252
      },
      {
        "ctrl_id": "ab9b9dcb-fc66-475d-9e2f-0354bdca3b4b",
        "scale": 1.0,
        "color": "#FFFFFF00",
        "image": "D:\\Esri\\training_external\\MOOC_2021\\SubdivisionDrone\\DJI_0401.jpg",
        "x": 3335.6712328767121,
        "y": 3538.6158236486203
      },
      {
        "ctrl_id": "ab9b9dcb-fc66-475d-9e2f-0354bdca3b4b",
        "scale": 1.0,
        "color": "#FFFFFF00",
        "image": "D:\\Esri\\training_external\\MOOC_2021\\SubdivisionDrone\\DJI_0384.jpg",
        "x": 1409.2273972602741,
        "y": 1811.1002109268372
      },
      {
        "ctrl_id": "ab9b9dcb-fc66-475d-9e2f-0354bdca3b4b",
        "scale": 1.0,
        "color": "#FFFFFF00",
        "image": "D:\\Esri\\training_external\\MOOC_2021\\SubdivisionDrone\\DJI_0399.jpg",
        "x": 3373.1506849315069,
        "y": 1290.5824062202737
      },
      {
        "ctrl_id": "ab9b9dcb-fc66-475d-9e2f-0354bdca3b4b",
        "scale": 1.0,
        "color": "#FFFFFF00",
        "image": "D:\\Esri\\training_external\\MOOC_2021\\SubdivisionDrone\\DJI_0400.jpg",
        "x": 3380.6465753424659,
        "y": 2422.1428512345419
      }
    ]
  }
}