ID,lon,lat,blue_p50,green_p50,nir_p50,nira_p50,re1_p50,re2_p50,re3_p50,red_p50,swir1_p50,swir2_p50,VV_p50,VH_p50,TARGET
1,-2.212505629,36.77824046,3954,4320,5908,5796,4710,5681,5865,4328,4336,3358,-6.512375,-12.282782,1
2,-3.190411647,36.78695412,4416,4924,5276,5113,5185,5178,5205,5196,4648,4018,-8.08754,-13.240647,1
3,-2.108840045,36.86331091,4936,5064,6020,6002,5368,5828,6000,5168,4597,3665,-6.5453095,-13.398935,1
4,-3.556834452,36.72712632,4068,4132,4964,4649,4284.5,4775,4767.5,4138,3800.5,3128.5,-7.527871,-15.248576,1
5,-3.558541251,36.73179756,4956,4940,5680,5544,5186,5579,5644,4928,4370,3587,-7.0167346,-11.715574,1
6,-2.413638421,36.84345815,5648,6072,6396,6282,6341,6422,6305,6112,5330,4471,-8.268652,-13.5970545,1
7,-2.424508036,36.85792102,5576,5848,6224,6135,6220,6213,6183,5892,5284,4415,-3.3472166,-14.2066765,1
8,-2.412111285,36.86402957,6078,6236,6608,6510.5,6927,6736.5,6667,6380,5622,4771,-8.437828,-15.143859,1
9,-3.997817425,36.74221801,5556,5592,6140,5864,5529,5790,5900,5660,4586,3790,-6.689297,-11.7858515,1
10,-3.985510505,36.74401465,2462,2754,4640,4483,3132,4172,4503,2744,3323,2588,-7.683779,-12.798293,1
11,-3.310157075,36.74158919,4006,4254,4528,4494.5,4550,4577,4468,4406,4167.5,3711,-8.984397,-13.95964,1
12,-3.31985888,36.74428414,4788,4888,5508,5578,5488,5540,5415,5132,4888,3931,-8.522022,-11.104513,1
13,-3.321745342,36.74652993,5502,5674,5780,5320.5,5466,5483.5,5403,5807.5,4936,4322.5,-9.384272,-13.287462,1
14,-3.317343597,36.74778757,3380,3634,5516,5713,3886,5363,5729,3540,3911,2944,-7.390589,-13.479737,1
15,-3.299197628,36.74877572,2506,2729,5042,4935.5,3046,4632,4950,2554,3189.5,2416.5,-6.069929,-12.088101,1
16,-3.313121515,36.75174016,3428,3777,4606,4426,4099.5,4420.5,4440,3931,4148.5,3425,-8.967607,-14.021154,1
17,-3.95110503,36.73287554,5096,5216,5838,5831,5544,5685,5855.5,5178,4575,3656.5,-8.243756,-12.44422,1
18,-3.965118748,36.73718745,5074,5326,5698,5782,5990.5,5858,5848,5566,5396,4511,-10.731028,-15.413199,1
19,-3.953710144,36.7413197,5118,5228,6132,6172.5,5847,6178,6200.5,5336,5019,4191,-6.9207582,-12.836319,1
20,-3.972664597,36.74652993,2532,2723,4101,3943.5,2919,3730,3929.5,2666,2822.5,2261,-5.8731,-12.784161,1
21,-2.986583909,36.83025291,2483,2804,4948,4757.5,3080.5,4441.5,4789.5,2724,3124,2289.5,-5.9869437,-12.079813,1
22,-2.983619469,36.84264966,3412,3777,5082,5052.5,4223,4688,4917,3887,4382.5,3623.5,-7.6593513,-12.510749,1
23,-3.057371154,36.75039268,4784,4910,5746,5458.5,5103,5417.5,5477,5034,4572,3680,-8.095361,-14.702772,1
24,-3.059437279,36.75182999,4101,4286,4772,4714,4618.5,4657.5,4683.5,4424,4154.5,3219.5,-7.634005,-14.263569,1
25,-3.058628795,36.75766904,2844,3060,5540,5533,3313,5194,5632,2930,3339,2439,-6.474399,-13.044628,1
26,-3.158521455,36.75048252,5138,5302,5622,5582.5,5829.5,5697,5675.5,5494,5109,4364,-10.101968,-14.050719,1
27,-3.159689265,36.75263847,5784,6024,6556,6196.5,6253,6344.5,6394.5,6124,5195,4479.5,-6.265636,-13.527813,1
28,-3.164001178,36.76135213,4382,4668,5588,5489,5067,5385.5,5539,4824,4376.5,3234.5,-4.402242,-11.580337,1
29,-3.203257556,36.76422674,4822,4896,5512,5505,5343,5472,5489.5,4928,4302.5,3477.5,-7.1490097,-11.817363,1
30,-3.165618145,36.76602337,4830,5020,5894,5760,5320.5,5651.5,5742,5100,4738.5,3789.5,-6.4759545,-10.866545,1
31,-2.390372055,36.83645129,2830,3104,3840,3822.5,3512.5,3625.5,3717,3350,3817.5,3126.5,-10.918089,-16.701218,1
32,-2.384622837,36.85172265,4396,4652,5372,5376,5143,5361,5392,4792,4612,3871,-6.8308325,-14.103913,1
33,-2.401151839,36.86250243,5320,5696,6308,5614,5687,5695,5656,5812,4980,4335,-7.932002,-14.087248,1
34,-2.384712669,36.86510755,5020,5244,5476,5392,5140,5349,5429,5280,4365,3795,-8.206388,-13.704931,1
35,-2.380580419,36.87112626,4708,4864,5060,5030,5028,5024,5103,4940,4262,3543,-4.8964005,-13.1438,1
36,-2.375460022,36.87184491,4988,5076,5184,5155,5198,5199,5278,5064,4288,3628,-7.006363,-12.654648,1
37,-2.791559661,36.78183372,4908,5274,5802,5642,5894,5712.5,5669,5620,5554.5,4687,-7.885205,-17.484415,1
38,-2.845009421,36.78479816,3642,3908,5048,4977,4245,4781,4981,3912,3984,3092,-7.102958,-13.445877,1
39,-2.78563078,36.7891999,2881,3157,4202,4241.5,3474.5,4088.5,4289.5,3178,3488,2679.5,-7.455313,-14.052567,1
40,-2.79326646,36.79333215,3024,3368,5716,5768,3831,5327,5736,3284,3737,2726,-6.5195546,-14.249379,1
41,-2.799285173,36.7974644,4400,4972,5684,5669,5198,5549,5668,4884,4769,3907,-7.8105574,-13.997755,1
42,-2.826054968,36.80096783,4828,4908,5848,5665,5132,5582,5654,4980,4554,3509,-5.3044667,-12.351816,1
43,-2.861268927,36.81183745,3298,3586,4252,4142,4037,3997,4070,3928,4448,3900,-8.240541,-14.06493,1
44,-2.632557856,36.78785243,4240,4552,5296,5246,5175,5125,5181,4896,5114,3963,-8.275344,-15.299316,1
45,-2.632018867,36.79225418,4584,4872,5720,5569,5020,5423,5547,4960,4593,3619,-7.540104,-13.327401,1
46,-2.644325786,36.792883,4908,5178,5600,5503,5641,5517.5,5547,5420,5154.5,4329,-9.062198,-14.980319,1
47,-2.629054426,36.81273576,5044,5328,5848,5724,5815,5793,5641,5588,5347,4255,-8.717792,-16.279062,1
48,-2.70568072,36.78039641,3281,3675,6704,6664.5,4183,5998.5,6693.5,3434,3618,2529,-3.6925235,-12.969969,1
49,-2.702267122,36.78722361,4164,4344,5420,5345,4736,5241,5309,4404,4351,3440,-6.25473,-13.154458,1
50,-2.765867844,36.79423047,2901,3268,5868,5853.5,3772.5,5406.5,5788.5,3229,3693,2726,-5.6415763,-14.521642,1
51,-2.727869108,36.79584744,4342,4592,5584,5494,5006.5,5327.5,5458.5,4652,4646,3744,-8.504444,-14.410456,1
52,-2.76505936,36.79836272,4508,4708,5460,5148,4863,5027,5112,4820,4539,3541,-4.892351,-12.617375,1
53,-2.735145461,36.7994407,3756,4078,5372,5259,4548,4834,5076,4252,4188,3285,-7.1660237,-13.666234,1
54,-2.755177892,36.80033901,2379,2986,4170,4086,3985,4039.5,4138.5,3773,4249.5,4095.5,-7.986404,-15.732574,1
55,-2.975624463,36.74078071,2609,2908,5682,5637,3233,5047,5599.5,2871,3380,2395.5,-6.620337,-12.8064,1
56,-2.980295702,36.74230785,2732,3006,5788,5691,3258,5083,5637.5,2919,3475,2625,-7.870698,-13.976753,1
57,-2.974546485,36.74419431,2883,3114,5912,5900.5,3637.5,5417,5947,3036,3567.5,2480,-6.9984207,-13.4143,1
58,-2.98191267,36.7447333,2709,2955,3607,3680.5,3236,3572,3655.5,3042,3287.5,2778.5,-9.223142,-14.256757,1
59,-3.007334992,36.74509262,3690,3927,4982,5036.5,4319.5,4771.5,4969,4003,4027.5,3267,-5.482821,-15.926838,1
60,-2.977510925,36.74545195,3757,4011,4882,4959,4457,4742.5,4968,4204,4262.5,3441,-10.074468,-15.006668,1
61,-2.987392393,36.74608077,3767,4074,5028,4938.5,4329,4707,4877,4144,4052.5,3223.5,-7.5482683,-14.362731,1
62,-3.004999373,36.74652993,4790,5008,5442,5399.5,5544,5453.5,5436.5,5270,4922,4079.5,-10.66022,-16.57799,1
63,-2.982990648,36.74679942,2706,3107,4836,4757,3572,4537,4796,3154.5,3495.5,2646,-4.407229,-13.149216,1
64,-2.9837093,36.74796723,5714,5892,6346,6244.5,6187,6281,6311.5,5954,5128,4148.5,-6.912604,-14.663743,1
65,-3.052250757,36.74859605,4121,4286,5062,4805.5,4668,4815.5,4900.5,4402,4302.5,3634.5,-9.6595,-14.990819,1
66,-3.002124764,36.74922487,2793,3089,5396,5370.5,3530.5,4954,5372,3095,3733,2951.5,-7.8366995,-12.319378,1
67,-2.975175305,36.74940454,4588,4876,5566,5533.5,5046.5,5452.5,5681.5,4994,4652,3786,-6.8226767,-14.061168,1
68,-3.028714896,36.74985369,4788,5142,5528,5438,5615.5,5387.5,5492,5336,5014.5,4316,-9.212219,-13.679664,1
69,-2.993321274,36.75012319,4031,4420,4972,4941.5,4853.5,4911,4932.5,4646,4526,3810.5,-9.437727,-15.715593,1
70,-2.988739866,36.75057235,2965,3339,5698,5567.5,3831,5159,5580,3392,3824,2886,-6.0408516,-12.654875,1
71,-3.033296304,36.75093167,4784,4848,5764,5820,4772,5623,5713,4860,4104,3175,-7.5522547,-13.479208,1
72,-2.991255149,36.7510215,3173,3452,5364,5111.5,3779,4800.5,5150.5,3481,3851,3090.5,-6.681541,-12.568206,1
73,-2.980565197,36.75191982,2976,3364,6182,5832,3801.5,5374,5924.5,3216,3558,2636.5,-7.56414,-13.12167,1
74,-2.970414234,36.75245881,4304,4694,5644,5536.5,5220.5,5379,5438,4880,4652,3749,-6.973384,-14.850329,1
75,-3.000238302,36.75290797,2695,3105,5964,5567.5,3374.5,5047,5525,3024,3610,2633,-7.017579,-13.422945,1
76,-2.968078614,36.75317746,5202,5624,6144,6233.5,6428,6325.5,6275.5,5968,5819.5,5067.5,-9.655398,-16.95987,1
77,-2.995656894,36.75398594,2701,3019,5264,5253.5,3514.5,4874.5,5292.5,3068,3784,2836.5,-5.227093,-11.707915,1
78,-3.047130359,36.7544351,5026,5248,5874,5499.5,5337.5,5578.5,5591.5,5360,4602.5,3874.5,-8.888971,-14.277477,1
79,-2.975624463,36.7547046,5526,5700,5986,5791.5,6029,5865,6085,5826,4788,4063.5,-7.675421,-15.524658,1
80,-3.040662489,36.75488426,3546,3832,5048,5103,4335,4788,5005,4028,4171,3270,-6.845285,-12.753452,1
81,-2.992333127,36.75551308,4178,4566,5640,5518.5,4939.5,5267.5,5410,4750,4566,3792.5,-9.043084,-13.70869,1
82,-3.004101057,36.75587241,2708,3040,4976,5048,3418,4623,5093,3040,3634,2792,-6.846365,-13.263186,1
83,-2.994578915,36.7564114,4326,4414,4916,4879.5,4810.5,4887.5,4858,4548,4426,3614.5,-9.157537,-17.206158,1
84,-3.011646906,36.75721988,2794,2968,5552,5339,3335,4743,5336,3082,3652,2983,-5.7627087,-12.771554,1
85,-3.013713031,36.75793853,2649,2866,5758,5165,3098,4678,5205.5,2775,3366,2583,-6.5848436,-13.467486,1
86,-3.010299433,36.75982499,2939,3290,5458,5339.5,3736,4922,5276,3390,3869.5,2847.5,-5.913687,-12.41747,1
87,-2.966461647,36.76189112,4234,4598,5684,5705,5026,5571,5713,4656,4734,3801.5,-7.392295,-13.749179,1
88,-3.000238302,36.76225045,2568,2918,5516,5707,3325,5076,5609,2902,3671,2688,-5.508221,-12.995374,1
89,-2.988919529,36.76332842,3260,3535,5736,5580.5,3838.5,5226.5,5615,3502,3783.5,2782.5,-5.9646125,-12.67231,1
90,-2.994399252,36.76413691,3313,3592,4940,4789,3888,4434,4712,3752,3795.5,2957,-6.3310537,-13.184363,1
91,-3.005718025,36.76458607,6256,6504,7158,6569,6777.5,6731.5,6874.5,6546,5520,4732.5,-7.2390566,-14.536832,1
92,-2.982900817,36.76764034,4330,4630,5656,5591,5045.5,5414,5563,4778,4508,3620,-6.367495,-13.557271,1
93,-3.012275726,36.76871832,3655,3894,5228,5208,4088,4917.5,5166,3805,3698,2780,-5.740042,-11.843418,1
94,-2.969515919,36.76961663,3708,4020,5748,5651,4541.5,5286.5,5688,4118,3766.5,2968,-7.435395,-13.347502,1
95,-2.97427699,36.76988613,3259,3682,6312,6217.5,4266.5,5812,6182.5,3715,3919,2852,-6.2852073,-14.519215,1
96,-2.979397387,36.7729404,3039,3456,5986,5998.5,3813.5,5557,6014,3275,3872.5,2800.5,-5.515974,-11.9935665,1
97,-2.963407375,36.77347939,3099,3707,7422,7506.5,4625.5,6666.5,7331,3997,5841.5,5511,-6.57278,-14.168769,1
98,-2.997453524,36.77509635,4276,4550,6204,6068,4791.5,5816.5,6079,4562,4572.5,3730.5,-6.6106873,-12.56707,1
99,-2.111894317,36.9652697,2731,2985,4434,4397,3316,4204,4404,2975,3339,2617,-6.861251,-12.522638,1
100,-2.13201658,36.9686833,3605,3997,5380,5342,4396,5157,5370,4170,4045,3202,-6.0871654,-11.527519,1
101,-2.10380948,36.97551049,4282,4462,4940,4941,4925,4953.5,4984,4634,4594,4027.5,-9.372229,-14.74601,1
102,-3.431609301,36.69721242,3052,3480,4098,3948.5,3910,3921.5,3950,3916,3943.5,3276.5,-10.897324,-18.820076,1
103,-3.444545041,36.69855989,4620,4864,5116,5193,5431,5327,5221.5,5028,4720,3882.5,-6.716078,-12.965828,1
104,-3.478950517,36.69963787,5428,5592,6004,5738.5,6103,5956,5856,5812,5242.5,4257.5,-8.464836,-13.95689,1
105,-3.457301118,36.70125484,3847,4288,5438,5539.5,5251,5354,5465,4712,5001,4112.5,-9.344748,-14.817187,1
106,-3.452180721,36.70332096,3242,3682,4304,4138.5,4163.5,4134,4165,4108,4055.5,3353.5,-11.095612,-15.751835,1
107,-3.430261828,36.70394978,4360,4496,4938,4873.5,5060.5,4892,4946,4820,4538.5,3754,-8.865102,-17.527498,1
108,-3.453707857,36.70907018,4019,4324,4936,4814,4906.5,4869,4877,4648,4704,3836,-9.067034,-14.52277,1
109,-3.456133308,36.71122614,3982,4310,4666,4566,4559.5,4538,4584.5,4578,4359.5,3657.5,-10.091181,-14.612982,1
110,-3.451102743,36.71472957,4350,4582,4914,4733.5,5018.5,4962,4840,4868,4452,3778,-11.890021,-16.359562,1
111,-3.430800817,36.71562788,2920,3271,3740,3603.5,3513,3503.5,3586.5,3471,3665,2989,-9.99354,-14.766049,1
112,-3.482992935,36.71958047,4025,4590,7566,7379.5,5401,6860,7171.5,4908,7796.5,8290.5,-5.878714,-12.047458,1
113,-3.459367243,36.72470087,3845,4043,4478,4494,4603,4457.5,4545,4265,4104.5,3420.5,-10.087483,-15.579536,1
114,-3.468619891,36.72847379,5214,5222,6196,6035.5,5602.5,6073.5,6196.5,5216,4771.5,3878,-8.472063,-14.753555,1
115,-2.957298831,36.81237644,2578,2726,4800,4773,3012,4292,4722,2605,3040,2322,-5.1163025,-10.903415,1
116,-2.885613271,36.81453239,4516,4808,5232,5178,5183,5050,5139,4952,5038,4092,-9.528168,-15.123607,1
117,-2.934122297,36.82701898,7028,7280,7566,7213,7386,7305.5,7266.5,7604,6245.5,5489.5,-7.265306,-13.489834,1
118,-2.934840949,36.83465466,2835,3074,4904,5041.5,3427,4656,5022,2976,3479.5,2642.5,-5.4501076,-10.169581,1
119,-2.8908235,36.8393259,2937,3241,4064,3999.5,3724.5,3747,3844,3584,4936,4276,-7.1038213,-11.548349,1
120,-2.886870913,36.84336832,4723,4884,5964,5592.5,5594,5488.5,5523.5,5334,5557,4671,-8.623948,-13.247848,1
121,-2.300091369,36.86223294,4664,4924,5516,5418,5267,5366,5462,4996,4563,3641,-8.419121,-12.746811,1
122,-2.878157255,36.72667716,4384,4520,5668,5532,4805,5230,5442,4500,4115,3249,-7.5508947,-15.319382,1
123,-2.87788776,36.73431284,3026,3378,5810,5597,3860.5,5168,5670.5,3338,3659,2649,-5.408927,-13.564377,1
124,-2.877079276,36.7364688,2996,3354,4950,5029.5,3875.5,4750.5,5002,3563,3813.5,3013.5,-7.090773,-16.012817,1
125,-2.889925185,36.73916374,4030,4240,5252,5138,4411,5036,5181,4184,3994,3106,-6.7715936,-14.038248,1
126,-2.892799794,36.74149936,3396,3791,5532,5529.5,4076,5292.5,5506,3794,4092.5,3027,-7.878808,-14.421838,1
127,-2.887499734,36.74248751,3560,3876,5644,5755,4285,5387.5,5779,3986,4111,3285,-8.099189,-13.915534,1
128,-2.874025004,36.74374515,3474,3756,5280,5337,4286,4976,5198,3724,4049,3136,-8.043313,-14.718066,1
129,-2.886421755,36.74518246,5544,5708,6136,5452,5416,5720,5547,5760,4839,4159,-8.072119,-16.169424,1
130,-2.87555214,36.74563161,2560,2980,5748,5813,3489,5135,5714,2906,3465,2582,-6.5272565,-13.2181425,1
131,-2.888847206,36.7464401,3171,3472,6270,6169.5,4001.5,5472.5,6182,3428,3999.5,2972.5,-7.413324,-13.501501,1
132,-2.954783548,36.74751807,3966,4298,5068,5102.5,4869.5,5102,5125.5,4386,4358,3422,-10.486376,-16.447025,1
133,-2.886242092,36.74841639,4008,4288,5340,5242,4761,5048,5169,4336,4414,3516,-8.56844,-14.883402,1
134,-2.961251418,36.74931471,4868,5174,5526,5561,5874.5,5641,5678,5464,5228,4508,-10.293866,-16.294432,1
135,-2.87141989,36.75048252,3002,3286,5974,5842.5,3542.5,5140.5,5731.5,3248,3502.5,2436,-6.668203,-14.433221,1
136,-2.892260805,36.75191982,3181,3593,4912,5008.5,4157.5,4781.5,4989.5,3724,4225,3421,-6.0490365,-14.8500395,1
137,-2.963227712,36.75245881,4972,5182,5416,5387,5513.5,5396,5386,5330,4853,3970.5,-8.49406,-16.333399,1
138,-2.937625726,36.75290797,3137,3365,3999,3913.5,3762,3930,3969.5,3496,3697,3049.5,-9.129338,-17.356518,1
139,-2.960263272,36.75317746,4240,4588,5278,5276,5283,5191,5237,4880,5044.5,4094,-10.117306,-17.122671,1
140,-2.942835955,36.75362662,3336,3502,5722,5617.5,3763,5303,5636.5,3343,3471.5,2534,-5.819653,-13.357145,1
141,-2.956849673,36.75407578,2689,3021,4158,4148.5,3223.5,3972,4191.5,3021,3209,2465.5,-7.226323,-13.412065,1
142,-2.950022477,36.75497409,2881,3329,4792,4757,3764.5,4446,4631,3467,3890,3168.5,-8.796906,-15.640009,1
143,-2.936188422,36.75560291,3036,3239,6050,5544.5,3521,5133,5579.5,3154,3477.5,2578.5,-5.109777,-14.788038,1
144,-2.962958217,36.75596224,2749,3110,5558,5395,3622,4978.5,5443.5,3043,3652.5,2695.5,-7.4411225,-13.322912,1
145,-2.901782947,36.75677072,2672,3053,6042,5939,3487.5,5362,5851,3041,3536,2614,-5.802033,-12.091947,1
146,-2.928552742,36.75775887,3456,3713,4202,4202.5,4231.5,4227.5,4299,3976,4334,3670.5,-6.464289,-18.181149,1
147,-2.917683127,36.75919617,4466,4882,5626,5985.5,5870.5,5977,6012.5,5044,5091,4102.5,-4.258348,-17.157211,1
148,-2.954514054,36.76027415,3583,3887,5116,4933,4377.5,4778.5,4943,3987,4153.5,3321.5,-6.748611,-13.743315,1
149,-2.96250906,36.76063348,3063,3335,5792,5646,3711,5120,5628.5,3271,3679.5,2663.5,-5.1120453,-13.304603,1
150,-2.941847808,36.7609928,4142,4364,4934,5005,4978.5,4970,4961,4670,5038.5,4051.5,-2.8300712,-15.092332,1
151,-2.928822237,36.76162162,3189,3300,6218,5890,3508,5111,5844,3220,3574,2695.5,-0.88003427,-11.863385,1
152,-2.9090593,36.76180129,3940,4192,4672,4603,4645,4540,4516,4500,4563,3832.5,-6.677961,-18.266636,1
153,-2.962688723,36.76323859,4928,5326,6236,6024,5891,6027.5,6070,5546,5180.5,4281.5,-8.510069,-14.627143,1
154,-2.871689385,36.76404708,3620,4152,5076,5133,4922,4996,4957,4552,5348,4432,-11.027266,-17.692625,1
155,-2.885253945,36.7646759,3658,4004,4632,4787,4651.5,4598.5,4720.5,4316,4854,3932,-9.234401,-16.069672,1
156,-2.917144138,36.76503522,2911,3304,6214,5757,3704.5,5288.5,5690.5,3127,3700,2804,-5.4171743,-13.563351,1
157,-2.942476629,36.76584371,3124,3242,6074,5959,3572,5172.5,5768.5,3098,3658,2669,-6.357693,-14.284072,1
158,-2.902232104,36.76817933,3297,3617,5082,4939.5,3993.5,4746,4977,3686,3897,2980,-6.7961884,-13.760343,1
159,-2.962688723,36.76880815,2818,3152,5260,5212.5,3517.5,4950,5222.5,3044,3281.5,2429.5,-7.179151,-12.058883,1
160,-2.894506593,36.77033528,2889,3227,6200,5830,3555,5286.5,5779.5,3115,3675,2722.5,-4.8677783,-12.490592,1
161,-2.878157255,36.7746472,2889,3235,6466,6450.5,3783,5731.5,6393,3125,3921.5,2830,-5.0164804,-12.710772,1
162,-2.195796965,36.82001212,3312,3546,6040,6147,4081.5,5580,6091.5,3524,3489,2577.5,-7.088313,-13.590054,1
163,-2.164535593,36.8208206,5112,5328,6280,6279,5961,6266,6384,5552,4993,3999,-5.7639203,-11.514913,1
164,-2.212954787,36.82297656,3850,4136,6208,6185,4578,5745,6165,4060,4089,3038,-6.961812,-11.656832,1
165,-2.189508758,36.82522235,3420,3654,5496,5366,3996,5043,5327,3714,3966,2980,-5.6835465,-11.422837,1
166,-2.204061465,36.82674948,3578,3916,5120,5203,4682,5008,5024,4276,4766,3758,-7.9700727,-13.73546,1
167,-2.170015316,36.83034274,6536,6760,7280,6956,6930,6992,7014,6952,6046,5273,-7.1789045,-13.354481,1
168,-2.135789504,36.83213937,3478,3910,5616,5606,4580,5418,5585,4054,4511,3321,-7.2095313,-12.2146435,1
169,-2.22256676,36.83645129,3057,3354,5770,5701.5,3681.5,5215.5,5682.5,3290,3564,2557.5,-5.8172855,-11.0154915,1
170,-2.201905509,36.86151428,3048,3418,5396,5572,3879,5131,5449,3414,3834,2758,-6.9355993,-11.930851,1
171,-2.214122597,36.86528721,2554,2853,5302,5163.5,3118,4687,5169.5,2799,3400,2472,-6.012739,-12.5100975,1
172,-2.844290768,36.70960917,4420,4472,5636,5453,4764,5250,5427,4568,4568,3635,-5.3323307,-13.546946,1
173,-2.849051839,36.71401091,2645,2893,6238,6182,3352.5,5422,6155.5,2796,3305,2354,-6.9092584,-13.588142,1
174,-2.840517844,36.71517872,4254,4550,5272,5288.5,5123.5,5155.5,5224,4800,5138,4089.5,-9.867338,-16.821178,1
175,-2.824797327,36.71562788,3854,4027,5298,5195.5,4397,4905,5120,4098,4021.5,3028.5,-6.2477794,-13.63186,1
176,-2.803507254,36.71589738,3950,4265,6010,6234.5,5203,5846.5,6052,4723,6512.5,6638.5,-5.959635,-14.224082,1
177,-2.815904005,36.71616687,4148,4312,6008,5963,4755,5756,5992,4328,4330,3200,-6.9111333,-13.4416065,1
178,-2.824707495,36.7165262,3382,3589,5776,5732,3893.5,5258.5,5707.5,3551,3301.5,2297.5,-5.7666044,-13.480881,1
179,-2.828749914,36.71679569,4980,5308,5992,5896,5873,5878,5916,5660,5334,4087,-8.566106,-14.823695,1
180,-2.845278915,36.71778384,3230,3578,4388,4372,4128,4167,4243,3976,4613,3695,-10.626597,-16.943388,1
181,-2.809795461,36.71814316,4072,4422,5148,5301.5,5173.5,5141.5,5299,4854,5048,4275,-9.299088,-17.31783,1
182,-2.780779878,36.71877199,4038,4484,5220,5169,5156,5109,5189,4864,5120,4149,-9.88687,-16.788683,1
183,-2.814646364,36.72083811,5048,5300,5636,5544,5715,5650,5583,5544,5360,4433,-9.973838,-17.456558,1
184,-2.822012549,36.72101777,3614,3866,4684,4535,4220,4395,4432,4292,4326,3279,-10.40849,-16.51499,1
185,-2.865491009,36.72398221,4240,4540,5760,5646,4945,5332,5556,4584,4490,3536,-8.112258,-15.228852,1
186,-2.868904607,36.72541952,4213,4358,4580,4309,4460,4435,4386,4402,3846.5,3179.5,-6.871526,-15.231693,1
187,-2.836834751,36.72640767,3741,3874,4622,4532,4129.5,4490.5,4549,3888,3785.5,3075,-7.377776,-14.290717,1
188,-2.865131683,36.72712632,3455,3723,4428,4443.5,4119.5,4313,4436,3815,3832.5,3077,-9.580507,-15.648349,1
189,-2.858034992,36.72766531,4226,4664,5438,5475.5,5325.5,5362.5,5384.5,4970,4999,4053,-9.95293,-17.142315,1
190,-2.854172236,36.72802463,3148,3432,5892,5533,3901,5129,5644,3444,3668,2597,-7.9466505,-13.696297,1
191,-2.862346906,36.72847379,4208,4542,5400,5370.5,4974,5184,5374.5,4672,4262,3402,-6.868672,-14.185852,1
192,-2.832882164,36.72865345,2752,3074,5498,5467,3443,5085.5,5497,2942,3395.5,2495,-8.224525,-13.6983185,1
193,-2.779791731,36.72928227,2440,2614,5552,5461,2896,4864,5467,2388,2959,2034,-7.3147693,-13.47606,1
194,-2.864682525,36.72946194,3784,4136,6216,6039,4364,5635,6054,4132,3162,2257,-7.5004115,-13.670046,1
195,-2.820575245,36.7299111,3993,4334,5026,5043,4948,4898,5016.5,4622,4841,3848,-8.80155,-17.918434,1
196,-2.815454848,36.73053992,2604,2846,5576,5666,3306,5128,5613,2790,3298,2384,-5.968318,-14.796726,1
197,-2.834229637,36.7313484,2556,2786,5716,5562,3112,4801,5658,2726,3317,2454,-6.67339,-14.961259,1
198,-2.825246484,36.73233655,2876,3085,5020,4945,3443,4634.5,5020,3055,3591,2706.5,-4.3595753,-14.3300495,1
199,-2.868635113,36.73314503,2938,3204,6392,6269,3604,5587,6307,3116,3505,2461,-5.2482004,-13.9347925,1
200,-2.804315738,36.73404335,2986,3274,6352,6366,3665,5835,6485,3032,3253,2192,-6.1890125,-14.215207,1
201,-2.853992573,36.734762,2924,3214,4676,4512,3372,4348,4673,3094,3272,2463,-8.015651,-14.858797,1
202,-2.850758638,36.73503149,4110,4308,4992,5110,4869.5,4947.5,5096,4504,4530,3673.5,-9.49657,-16.429962,1
203,-2.810963271,36.73637897,4296,4472,5596,5551,4744,5369,5585,4648,4662,3695,-7.708245,-14.627979,1
204,-2.787337579,36.73808576,4498,4754,5844,5565,5156,5415,5545.5,4824,4528,3712,-6.482302,-14.9324045,1
205,-2.84024835,36.73853492,4432,4688,5620,5506,5242,5489,5577,4748,4684,3720,-6.803016,-13.79035,1
206,-2.834499132,36.73880442,2708,2968,6368,6108,3307,5410,6079,2786,3140,2170,-6.7519135,-11.599242,1
207,-2.838990708,36.74015189,2526,2752,6000,5782,3111,5007,5839,2620,3126,2224,-5.596103,-12.866217,1
208,-2.791379998,36.74078071,4172,4500,5398,5415,5302,5267.5,5304,4906,5261.5,4103,-9.708519,-18.41521,1
209,-2.864862188,36.74114004,4456,4734,5854,5632.5,4706.5,5274,5542.5,4856,4184,3319,-8.035839,-14.805949,1
210,-2.802159782,36.74140953,2908,3114,5760,5630,3554,5073,5554,3196,3597,2656,-6.678626,-13.698688,1
211,-2.825785473,36.74383498,2667,3066,5990,6012,3344.5,5373,5974.5,2995,3578.5,2628.5,-7.5223036,-13.349227,1
212,-2.853902742,36.74392481,6156,6370,7176,6886.5,6594,6697,6859.5,6510,5326.5,4449,-8.662419,-14.235611,1
213,-2.862706232,36.74464347,4224,4352,5288,5391,4850,5340,5524,4308,4228,3348,-4.9698167,-13.121607,1
214,-2.79676989,36.74500279,2672,2936,6736,6666,3327,5750,6698,2734,3425,2353,-5.40183,-13.454778,1
215,-2.8062022,36.74572144,2131,2548,3907,3930.5,3335.5,3518.5,3724.5,3033,4038.5,3455,-9.806403,-18.835323,1
216,-2.809885293,36.74661976,3276,3552,6772,6747,3966,5981,6690,3406,3558,2381,-7.220189,-14.540372,1
217,-2.859292634,36.74859605,3501,3746,5890,5778,4325,5652,5922,3647,3580.5,2590,-5.5730014,-14.716604,1
218,-2.841326328,36.74886555,4264,4600,5212,5187,5051,5056,5066,4864,5364,4328,-11.084425,-15.323368,1
219,-2.787427411,36.751291,4460,4840,5868,5797.5,5268.5,5730,5877,5102,5003,4081,-6.7522736,-14.07317,1
220,-2.780959541,36.75209948,3505,3910,4930,4946,4564.5,4691.5,4800.5,4260,4731.5,3675.5,-10.088637,-16.590078,1
221,-2.855789204,36.7547046,4086,4304,5452,5251,5074,5136,5112,4804,4950,4048,-8.6840515,-15.06416,1
222,-2.812220913,36.75515375,3002,3284,6216,6231,3717,5550,6124,3076,3364,2511,-6.0816307,-12.756996,1
223,-2.787157916,36.7561419,4071,4252,5314,5222.5,4487.5,5028.5,5226,4295,4017.5,3170,-7.296591,-12.329894,1
224,-2.858753644,36.75713005,2753,3157,5846,5798.5,3628,5225.5,5726,3103,3498,2563.5,-7.9858956,-12.160572,1
225,-2.849860323,36.75838769,2705,2939,5852,5767,3350,5163,5694,2813,3372,2415,-6.0374823,-14.1068325,1
226,-2.868724944,36.76072331,2937,3164,5570,5351.5,3418,4984.5,5367.5,3113,3513.5,2577,-5.2003884,-13.645972,1
227,-2.791739324,36.7629691,5144,5368,5840,5829,5892,5875,5806,5572,5389,4409,-9.7730255,-14.523144,1
228,-2.835217784,36.76584371,3519,3902,4706,4615.5,4550.5,4525,4591,4352,4764.5,4113,-9.783734,-15.8911915,1
229,-2.862526569,36.76773017,4708,4888,5812,5857,5487,5640,5783,4972,4712,3823,-7.6712375,-13.709349,1
230,-2.852465437,36.77006579,3306,3465,4640,4707,3733.5,4475.5,4710.5,3551,3628,2819.5,-6.902815,-12.862379,1
231,-2.837733067,36.77060478,4456,4820,5304,5164.5,5294,5196,5199.5,5086,5082.5,4213.5,-9.058747,-15.715206,1
232,-2.856597688,36.77312006,3542,3894,5748,5537,4281,5098,5458,4038,4341,3581,-8.890252,-14.355842,1
233,-2.835846605,36.77662349,4628,5018,5858,5773.5,5554,5774,5834,5224,5345,4233,-8.552823,-14.456216,1
234,-2.863065558,36.77895911,5208,5426,5668,5596,5830,5692,5666.5,5572,4942,4011.5,-8.0224285,-16.863192,1
235,-2.837822898,36.78030658,2675,2989,5206,5358,3385,4777,5292.5,3021,3405.5,2545,-7.0331936,-13.631562,1
236,-2.682504186,36.71463974,4472,4844,5740,5646,5481,5485,5560,5132,5278,4176,-9.061643,-16.5505,1
237,-2.686366941,36.71643637,3338,3706,5256,5099,4214,4958,5082,3776,4075,3100,-6.272178,-14.4836645,1
238,-2.659058157,36.71733468,4652,4872,5696,5586,5254,5555,5680,4960,4770,3732,-8.032324,-14.268399,1
239,-2.684121153,36.72604834,2540,2858,4648,4599,3135,4283,4636,2838,3175,2331,-4.9335966,-13.157741,1
240,-2.65923782,36.73718745,3935,4218,4890,4955,4641,4766.5,4862,4428,4641.5,3662,-7.2668276,-13.242323,1
241,-2.635432465,36.73862475,4120,4544,5168,4991,5076,4991,5048,4860,4888,4082,-9.312159,-17.193472,1
242,-2.680617724,36.7410502,4668,4936,6356,5997,5290,5836,6069,5104,5071,3967,-5.990705,-13.398198,1
243,-2.632737519,36.74383498,4400,4708,5992,5834,5075,5628,5854,4848,4762,3780,-8.470804,-16.513784,1
244,-2.640822356,36.74823673,2743,3076,5664,5106.5,3390.5,4688.5,5213,3004,3478,2628,-6.118341,-13.464963,1
245,-2.652141129,36.75407578,4540,4864,5868,5786,5166,5503,5724,4940,4453,3525,-9.391076,-15.042597,1
246,-2.661393776,36.76692168,4484,4584,5708,5217,4506,5048,5204,4792,4428,3597,-8.924757,-14.709285,1
247,-2.381388902,36.87480935,4734,4912,5214,5415.5,5593,5587.5,5502.5,4968,4634.5,3954,-6.518243,-14.675075,1
248,-2.374561706,36.87714497,4152,4284,4768,4543,4174,4344,4524,4356,3734,3169,-6.7443943,-13.892281,1
249,-2.386958457,36.88280436,2832,3168,5548,5461,3528,5039,5514,3094,3543,2654,-7.5533915,-13.768624,1
250,-2.167230539,36.88154672,2586,2896,5100,5096,3275,4800,5105,2726,3242,2360,-7.025281,-11.475281,1
251,-2.194090166,36.8872061,3400,3727,4442,4381,4288,4272,4350,4032,3945.5,3162.5,-8.937182,-15.410731,1
252,-2.163367783,36.88990105,4696,4860,5584,5328,5094,5354,5380,4972,4303,3490,-6.9314103,-12.286115,1
253,-2.193910503,36.89052987,2656,2858,4828,4727,3127,4401,4880,2814,3162,2551,-7.205062,-11.376293,1
254,-2.183579877,36.89097903,4658,4852,5726,5720,5272,5626.5,5658,5000,4229,3288.5,-7.996796,-13.696177,1
255,-2.204061465,36.89187734,4219,4392,5366,5241,4714,5090.5,5263,4461,4237.5,3438,-6.655864,-12.023678,1
256,-2.144862488,36.89448246,4708,5004,6048,5944,5482,5788,5927,5184,5078,4043,-7.6148815,-11.515544,1
257,-2.197503764,36.8971774,3952,4158,5352,5259,4426.5,5154.5,5318.5,4152,3847,2980,-5.528059,-11.495087,1
258,-2.156810081,36.89942319,5060,5200,6224,6074,5455,5855,5962,5324,4666,3601,-5.4824033,-11.347377,1
259,-2.163457615,36.90310628,3097,3385,6122,5986.5,3712,5431.5,5927,3309,3507,2537,-5.7990227,-11.21476,1
260,-2.209810683,36.90669954,3236,3518,4042,4104,3681,4025,4097,3500,3517,2616,-3.9010305,-9.726095,1
261,-2.135520009,36.90966398,2590,2896,5508,5481,3315,4954,5412,2838,3217,2416,-6.7909946,-11.870388,1
262,-2.146838782,36.91208943,3634,3890,4740,4895,4457,4605,4752,4112,4381,3482,-9.201967,-15.505944,1
263,-2.146209961,36.91801832,2808,3192,5932,6050,3702,5518,5982,3076,3542,2703,-6.574689,-12.719986,1
264,-2.154115136,36.92574383,3511,3703,4892,4901.5,4108.5,4678.5,4853.5,3801,3846.5,3068,-4.6824536,-12.504108,1
265,-2.13848445,36.92619298,2554,2784,5004,5027,2976,4514,5012,2622,3085,2274,-6.150819,-11.876759,1
266,-2.141089564,36.92754046,2792,3080,6134,5552,3470.5,4879.5,5423.5,2952,3397,2638.5,-7.280793,-13.895544,1
267,-2.181334089,36.9319422,2666,3017,5518,5483,3442,4959,5486.5,3031,3513,2656,-5.969138,-11.04687,1
268,-2.177381501,36.93472698,2276,2502,4648,4666,2823,4174,4609,2416,2972,2270,-6.410227,-11.729208,1
269,-2.161930479,36.93580496,3110,3446,4892,4818,3762,4627,4712,3524,4017,3107,-8.025644,-12.481544,1
270,-2.138214955,36.94811188,3612,3810,4728,4711,4120,4680,4741,3808,3867,3087,-7.2444134,-13.389418,1
271,-2.135340346,36.8723839,2868,3092,5760,5673,3350,5019.5,5644,2959,3487,2547,-6.694524,-13.145718,1
272,-2.116924883,36.87328221,3946,4212,5816,5763,4483,5584,5840,4156,4093,3124,-6.230288,-13.179917,1
273,-2.096892452,36.87436019,2979,3266,4398,4329,3519,4204,4311.5,3242,3511.5,2768.5,-7.6335416,-12.859976,1
274,-2.116924883,36.87741446,2662,2992,5604,5431,3416,4971,5477,2968,3457,2602,-7.3771744,-13.6274395,1
275,-2.12384191,36.90562156,2880,3128,5972,5827,3565,5287,5858,3084,3451,2524,-6.5089235,-11.851435,1
276,-2.116026568,36.91146061,2879,3107,4900,4716,3338,4492.5,4766.5,2981,3261,2392.5,-7.6144896,-12.723923,1
277,-2.121326628,36.91523354,5428,5600,6380,6343,6034,6333,6328,5760,5203,4254,-7.452106,-12.535234,1
278,-2.129591128,36.91981495,2722,3110,5296,5310,3614,4844,5236,3116,3603,2713,-6.449736,-12.337582,1
279,-2.104887458,36.92520484,3602,3878,4560,4547,4387,4406,4464,4176,4445,3608,-9.79212,-15.464216,1
280,-2.089616098,36.93104389,4372,4692,5984,5824,5047,5688,5901,4764,4653,3636,-6.0433245,-11.353828,1
281,-2.109019708,36.93418799,2588,2884,5288,5062,3287,4694,5080,2786,3382,2605,-6.5936213,-11.041852,1
282,-2.12087747,36.93957788,2632,2852,5040,5115,3172,4665,5195,2854,3270,2541,-5.558297,-12.572978,1
283,-2.083417723,36.93966771,2754,3098,5224,5212,3573,4845,5122,3078,3479,2547,-5.973342,-11.949167,1
284,-2.076051537,36.94038637,3504,3884,4568,4598,4582,4534,4584,4284,4337,3409,-9.813946,-15.072845,1
285,-2.085753342,36.94317114,2802,3054,5360,5384,3598,4812,5340,3094,3654,2835,-5.733324,-11.821472,1
286,-2.113601116,36.94721356,2865,3249,6132,6149.5,3917,5645,6147.5,3210,4525.5,3670.5,-7.7259464,-11.807897,1
287,-2.090244919,36.94811188,3842,4034,5312,5154,4506,5154,5324,4084,4214,3375,-5.2728157,-12.672552,1
288,-2.133364052,36.95502891,3307,3532,4788,4708,3804.5,4419.5,4654,3496,3534.5,2635.5,-4.86473,-11.518753,1
289,-2.090155087,36.95709503,4314,4582,5310,5264.5,4971.5,5168.5,5282,4652,4620.5,3745.5,-7.248356,-15.1781025,1
290,-2.100845039,36.95727469,2561,2816,5224,5177,3148,4728.5,5263,2728,3227,2359,-6.9437003,-13.241758,1
291,-2.093658517,36.95916116,4828,4974,5966,5938,5370.5,5858.5,5958.5,4980,4820.5,3878,-6.5372486,-13.823189,1
292,-2.11854185,36.9604188,4518,4670,5432,5393.5,5085,5311,5438.5,4806,4625.5,3629,-6.2374444,-13.613928,1
293,-2.719424944,36.69667343,4664,5076,5624,5547,5311,5425,5508,5168,4912,3874,-8.039367,-13.682488,1
294,-2.71098078,36.70062602,5116,5404,5908,5957,6210,6070,6019,5772,5691,4786,-9.51866,-16.762573,1
295,-2.753560925,36.70242265,3646,4054,6192,6135,4540,5747,6119,3942,3800,2733,-6.630338,-13.889597,1
296,-2.74915918,36.70385995,4228,4640,5208,5071,5202,5145,5133,4992,4967,4122,-8.150008,-16.048294,1
297,-2.720682585,36.70385995,4620,4960,6044,5814,5278,5611,5709,5020,4639,3657,-9.933324,-16.143389,1
298,-2.74565575,36.70520742,4042,4356,5452,5498,4708,5174,5313,4428,4471,3476,-5.106193,-12.622187,1
299,-2.712418085,36.70529726,4027,4226,4696,4595,4625,4574,4643.5,4422,4102.5,3358.5,-8.991189,-15.0498705,1
300,-2.773952682,36.7062854,3486,3855,6556,6580.5,4420.5,6078,6608.5,3870,3773.5,2557.5,-5.5859413,-13.612902,1
301,-2.733708157,36.70664473,3366,3906,5040,5018,4786,4830,4932,4600,5138,4085,-11.553379,-18.583721,1
302,-2.760208458,36.70691422,4220,4408,5882,5930.5,4940.5,5637.5,5957,4514,4349,3390,-7.6085687,-12.2798815,1
303,-2.77736628,36.70880069,2904,3680,5084,4975,4863,4879,4955,4584,5223,5051,-12.588913,-22.375175,1
304,-2.692655148,36.70916001,3100,3397,4276,4221.5,3878.5,4072,4166.5,3638,4067,3285.5,-7.541337,-12.918507,1
305,-2.749338843,36.70960917,4512,4676,5704,5422,4991,5297,5435,4860,4451,3402,-8.861587,-12.842003,1
306,-2.716729998,36.71023799,4308,4540,5928,5799,4982,5508,5801,4636,4587,3550,-6.733809,-13.370597,1
307,-2.753650756,36.71095664,3290,3646,5772,5697,4110,5326,5632,3686,4242,3115,-6.2725887,-13.27334,1
308,-2.719514775,36.71167529,2984,3298,5152,4953,3734,4758,4934,3258,3578,2642,-6.443922,-12.825506,1
309,-2.689331382,36.7131126,5588,5792,6524,5891,5731,6037,6127,5884,5155,4372,-8.3685465,-14.822393,1
310,-2.771706893,36.71472957,2970,3232,6312,6149,3695,5504,6105,3074,3384,2354,-7.1654644,-12.963507,1
311,-2.777186617,36.71517872,2798,3182,5948,5710,3633,5160,5696,3078,3710,2703,-6.572471,-12.966417,1
312,-2.762723741,36.72038895,2512,2872,5316,5312,3249,4813,5322,2792,3205,2356,-6.865855,-12.781914,1
313,-2.748799854,36.72299407,3326,3602,6200,6136.5,4244.5,5663,6114,3606,3351.5,2309.5,-6.1648173,-12.919025,1
314,-2.706219709,36.72425171,3998,4388,5612,5456,4874,5315,5436,4628,4665,3570,-6.774837,-15.585073,1
315,-2.760657615,36.72461104,4540,4684,6000,5883,4923,5642,5820,4696,4353,3270,-6.261732,-13.5864935,1
316,-2.777545943,36.72523986,3101,3471,5474,5377,3964.5,5062.5,5378.5,3480,3609,2647.5,-5.839313,-14.318921,1
317,-2.718885955,36.726228,4088,4340,5340,5372,4883,5209,5381,4504,4612,3685,-7.614969,-13.763688,1
318,-2.74565575,36.72685682,2672,2996,6316,6223,3499,5508,6147,2928,3752,2640,-6.254031,-12.6891,1
319,-2.72625214,36.72973143,3716,3977,5114,5000,4288,4730,4991,4069,3805.5,3092.5,-8.63796,-14.013632,1
320,-2.711429938,36.73036025,5110,5808,7234,7092,7106,7085.5,7127,6662,6656,6040,-6.1445303,-14.405321,1
321,-2.691307675,36.73080941,3382,3692,5260,5162,4058,4879,5169,3840,3878,2966,-6.890516,-13.22439,1
322,-2.757064354,36.73548065,2702,3082,5960,6008,3529,5427,5978,2974,3422,2406,-6.454861,-15.436119,1
323,-2.776018807,36.73799593,2820,3174,5756,5747,3588,5246,5661,3122,3460,2539,-7.062015,-12.700031,1
324,-2.778713753,36.7410502,2548,2810,6072,5939,3287,5316,5913,2660,3228,2327,-6.625391,-12.103952,1
325,-2.771437399,36.74320616,3639,3985,5022,5034,4574,4773.5,4948,4229,4396.5,3579,-8.65104,-13.65879,1
326,-2.775120491,36.74491296,3342,3530,5232,5097,3813,4622,4983,3514,3660,2800,-7.7655134,-14.521818,1
327,-2.768023801,36.74554178,4472,4556,5772,6045,5448,5839,6052,4784,4884,3834,-6.8580832,-14.003587,1
328,-2.771257736,36.74742824,2850,3104,5964,5803,3543,5020,5775,3098,3233,2307,-7.869989,-15.47112,1
329,-2.764969529,36.75084184,4188,4464,5932,5835,4938,5493,5809,4568,4376,3392,-8.043814,-14.602393,1
330,-2.753740588,36.75326729,5140,5472,6124,5816,5794,5964,5913,5760,5551,4489,-7.4494157,-16.302345,1
331,-2.762184751,36.75551308,4154,4352,5202,5100,4595.5,4982.5,5108,4424,3875,3008,0.342347,-14.978529,1
332,-2.724635172,36.76530472,4656,4760,5004,5085,5078,5065,5026,4864,4729,3978,-9.303979,-14.450682,1
333,-2.695439926,36.77168276,2802,3170,6348,6337,3509,5617,6287,3020,3523,2433,-5.5594664,-14.039181,1
334,-2.698494198,36.77374888,4228,4484,5352,5228,4714,5069,5151,4616,4482,3569,-6.694972,-13.940079,1
335,-2.735594619,36.77455736,4584,4978,5710,5649.5,5660.5,5599,5654,5404,5482,4430,-11.621766,-16.952875,1
336,-2.774581502,36.77725231,2794,3066,4752,4713,3460,4331,4662,3098,3536,2799,-4.6852746,-14.261676,1
337,-2.737301418,36.77788113,4140,4328,4980,4898,4819,4828,4853,4596,4383,3493,-8.295554,-15.954548,1
338,-3.421458338,36.69649377,6110,6156,6168,5999.5,6387.5,6174,6193,6212,5144,4255.5,-9.190096,-16.910496,1
339,-3.364774644,36.72380255,2576,2964,4532,4775,3560,4596,4736,2880,3854,3027,-8.313942,-12.310251,1
340,-3.367918747,36.72775514,2472,2644,4776,4958,3003,4503,4947,2666,3232,2412,-3.8564641,-14.174017,1
341,-3.362708519,36.72847379,4328,4636,5092,5538,5287,5430,5630,4780,4667,3994,-7.047194,-13.677725,1
342,-3.368278074,36.73314503,4404,4758,4958,4836.5,4977.5,4910,4946,4966,4426,3647,-10.1458235,-15.279344,1
343,-3.373757797,36.73413318,2846,3493,4492,4475,4408,4387.5,4480,4125,4833.5,4540,-17.596334,-26.661528,1
344,-3.37806971,36.734762,3483,3909,5986,5965.5,4415,5690,6047,4088,4829.5,4498.5,-6.6948805,-12.707686,1
345,-3.354444018,36.73557048,3052,3396,5620,5669,3849,5211,5396,3524,4152,3348,-7.576504,-12.950558,1
346,-3.358576269,36.73871458,4740,5016,5294,5004,5209.5,5056.5,5030,5226,4584.5,3752,-9.054012,-15.221436,1
347,-3.373667965,36.73952307,4352,4682,5030,4919.5,4998.5,4857.5,4947.5,4960,4628.5,3857,-7.957602,-13.590097,1
348,-3.344921876,36.74006206,5740,5828,6018,6036,6341,6353,6200.5,5808,5277,4571,-6.4119644,-12.726836,1
349,-3.367379758,36.74042138,6116,6148,6804,6734,6524,6584,6610,6228,5649,4704,-8.457111,-13.571488,1
350,-3.36333734,36.74114004,5292,5590,6002,5829,5932.5,5937,5920,5736,5185,4309.5,-7.9608216,-13.961688,1
351,-3.371512009,36.74230785,3512,3999,4900,4779.5,4625,4620.5,4662.5,4426,4288,3463,-7.434624,-14.957484,1
352,-3.384986738,36.74527229,5886,5950,6672,6577,6314.5,6701.5,6815.5,5896,5288,4526.5,-8.429962,-13.95264,1
353,-3.3769019,36.75030285,5326,5524,5664,5471.5,5837.5,5739.5,5702,5686,5070,4262.5,-8.649439,-14.27342,1
354,-3.389118988,36.75138083,4828,4966,5512,5391,5335,5501,5488,5070,4801,3977,-8.5834,-12.516255,1
355,-3.371332346,36.75218931,6640,6638,7084,6946,7240,7255.5,7174,6715.5,5861.5,5302,-7.4643984,-13.431231,1
356,-3.363517003,36.75407578,4836,5112,5218,5204.5,5515,5359.5,5338.5,5230,4949.5,4074.5,-8.275874,-16.31544,1
357,-3.387322358,36.75578258,3118,3188,3890,3590.5,3669.5,3817,3814.5,3546,3878.5,3430,-9.16014,-13.655265,1
358,-3.361540709,36.75721988,3780,4066,4792,4813,4430,4747,4764,4112,4054,3268,-6.874896,-13.250794,1
359,-3.380315498,36.75946567,3874,4132,5296,5134,4627,5056,5111,4112,4259,3343,-6.891236,-13.52387,1
360,-3.35570166,36.76207078,3289,3671,4122,4099,4118,4065,4093.5,3945,4312,3600,-9.333788,-13.295569,1
361,-3.351120252,36.7629691,3655,3963,4340,4483,4584.5,4531.5,4487.5,4214,4216.5,3501.5,-9.647624,-14.158651,1
362,-2.186454486,36.76054365,1806,2050,3295,3373.5,2561,3017.5,3190.5,2259,3753,3014.5,-8.93107,-14.994425,2
363,-2.439330238,36.84633276,2040,2418,3928,4144,3907,4092,4240,2844,4236,3812,-4.131148,-11.574865,2
364,-2.438701418,36.86474822,3054,3316,4104,3981,4211,4236,4161,3386,4484,4452,-0.6018548,-9.435499,2
365,-3.329740348,36.9783851,2156,2494,3292,3192.5,2811.5,2945,3057.5,2822,3631,2970,-10.46203,-18.397583,2
366,-2.797758037,36.99410562,2365,2940,4093,4482,4037,4298.5,4327,3363,4836.5,4260.5,-8.440934,-17.864063,2
367,-3.779706474,36.97119858,2096,2627,4656,4664.5,3475.5,4153.5,4455.5,3011,4242,3471.5,-10.441337,-18.593113,2
368,-3.8082729,36.97739696,3370,3955,5202,5111,4681.5,4905,5032,4430,5480.5,4989.5,-9.579948,-17.603384,2
369,-2.804225907,36.8689703,2290,2747,4128,4088,3468,3780.5,3910.5,3259,4610.5,3996,-6.8052597,-13.72649,2
370,-3.426129578,36.99707006,2022,2346,2733,2695,2659.5,2713.5,2742.5,2553,2714,2406.5,-8.678627,-15.710962,2
371,-2.494307134,36.97227656,2196,2535,3257,3291.5,3166,3233.5,3297,2906,3463,3199,-11.889018,-21.57445,2
372,-2.488917242,36.99455478,2094,2443,3266,3273,3048.5,3118,3223.5,2762,3693.5,3254,-10.137836,-20.75158,2
373,-3.153940047,36.96751549,2136,2552,3663,3793,3273,3463.5,3655,2936,4195.5,3565,-9.219458,-17.433895,2
374,-3.122229517,36.98359533,2236,2901,4059,4078.5,3649.5,3853.5,3978,3480,4641.5,4035.5,-7.3912663,-13.317968,2
375,-3.607319771,36.96832397,2207,2699,4630,4493.5,3721,4137.5,4321.5,3337,4807,4091.5,-7.2234926,-13.540865,2
376,-3.564020974,36.98054106,3775,4120,4494,4370.5,4446.5,4330.5,4332,4326,4585,4426.5,-8.374629,-15.681129,2
377,-2.161391489,36.96877313,1819,2115,3167,3167,2561,2813.5,2950,2416,3814.5,3133.5,-8.132815,-12.632517,2
378,-2.654386917,36.96652734,1845,2124,3485,3539,2673,3184,3368,2310,3747.5,3088.5,-7.7121983,-12.361937,2
379,-2.652680118,36.97533083,1819,2078,3272,3469,2751,3097,3264.5,2290,3857.5,3197.5,-6.782037,-13.017774,2
380,-2.853633247,36.70008703,2665,3162,3992,3940.5,3720.5,3830,3917,3593,4221.5,3854.5,-12.53746,-21.103846,2
381,-2.852285774,36.70269214,2658,3256,4466,4592,4478,4581.5,4634,3970,4774.5,4444,-11.178199,-19.263609,2
382,-2.832702501,36.70619557,4762,5120,5710,5329.5,5531,5489,5335,5308,5136,4585.5,-2.241238,-7.139763,2
383,-2.830546544,36.70907018,1952,2091,3072,3136,2735.5,2883,3050.5,2409,2865,2352.5,-10.381589,-16.42924,2
384,-2.83674492,36.74599094,2570,2943,3648,3626,3486.5,3543.5,3672.5,3361,3843.5,3539,1.1174519,-17.74226,2
385,-2.836565257,36.74886555,1521.5,1938,3194,2694.5,2312,2539,2751.5,1989,2153,1857,-10.808137,-17.194057,2
386,-2.821114234,36.76539455,2643,3065,4052,4381,4234.5,4370,4456.5,3628,4529.5,4009.5,0.1258538,-11.332802,2
387,-2.822461707,36.76970646,2802,3438,4188,4245,4108,4034,4188,3832,4354,3990,-4.1439033,-11.584516,2
388,-2.820485413,36.77626416,1792.5,2035,3522,3595.5,2841.5,3224.5,3451,2263,3584,3073.5,-5.2382064,-12.636163,2
389,-3.730748291,36.72092794,2511,3041,4248,4115,3586,3906,3974,3562,3954.5,3591,-4.80992,-9.3511305,2
390,-3.730209302,36.72461104,2447,2798,4081,4053,3750,3765,4043,3055,4082,3847,-5.1567893,-10.742164,2
391,-3.726975367,36.72595851,2720,3319,4812,4345,4079,4254.5,4384,4075,4665.5,4415.5,-5.4107227,-14.941406,2
392,-3.68897663,36.73197722,1758.5,1984.5,3825,3513.5,3586.5,3946.5,3859.5,3542,4445,3567.5,-2.2242332,-14.174968,2
393,-3.731466943,36.73350436,4250,4550,5470,4984,5006.5,5033.5,5157,5136,4969.5,4339,-7.085057,-11.811759,2
394,-3.701822539,36.73413318,2994,3481,5584,5231,4480.5,4734,5001.5,4186,5088,4450,-4.4226418,-11.125222,2
395,-3.706314115,36.73431284,2403,2856,4160,3954.5,3573.5,3762.5,3725,3552,3942,3671,-5.809054,-11.865497,2
396,-3.713590469,36.73485183,2163,2607,4500,4434,3918.5,4271.5,4585,3728,4436,4186.5,-8.808236,-12.926978,2
397,-3.736138182,36.73673829,3126,3599,5058,4417.5,4114.5,4503,4400,4528,4642.5,4238,-6.5815396,-11.91134,2
398,-3.705595463,36.7379061,2320,2741,4540,4395.5,3439.5,3923.5,4224.5,3263,4184,3588,-7.7081113,-14.111142,2
399,-3.714488784,36.73898408,2811,3148,4268,3975.5,3057.5,3691,3870,3343,3686,3377.5,-7.971073,-13.714106,2
400,-3.667686558,36.75524359,1595,1943,3808,3810.5,2726,3428.5,3618.5,2163,3181,2549.5,-8.640941,-15.528596,2
401,-3.686730842,36.78021675,1633.5,1934,2979,3032.5,2467,2694.5,2873,2222,3365.5,2776.5,-7.382838,-12.9601145,2
402,-2.727060624,36.86079563,2006,2438,4122,4539.5,3866,4258.5,4372,3024,4768,4068,-7.7505264,-14.091156,2
403,-2.658429336,36.86906013,3862,4600,5514,4648.5,4422,4477,4695.5,5052,4569,3906,-5.746556,-11.718012,2
404,-2.55817735,36.8327682,2192,2664,4100,4148,3683,3935,4012,3262,4776,4097,-7.8432097,-14.443155,2
405,-2.56814865,36.85163282,2146,2507,3878,3874,3158.5,3548,3676,2858,4119,3432.5,-7.482148,-12.991414,2
406,-2.557907856,36.86959912,2024,2430,3721,3802.5,3296.5,3555,3657,2918,4288.5,3572,-8.357393,-15.270195,2
407,-3.582256774,36.74383498,2241,2623,4424,4252,4106.5,4372.5,4401.5,3589,5634.5,5105.5,-5.1730213,-11.553137,2
408,-3.601840047,36.74626043,2032,2493,4208,3978,3254.5,3808.5,4000,2774,3848,3251,-2.8075662,-12.50514,2
409,-3.634718387,36.7644064,1546.5,1800,3025,3084,2346,2708,2875,2056,3185,2503.5,-8.850175,-17.259365,2
410,-2.68627711,36.74922487,2419,2941,4031,4007.5,3766,3870,3974,3365,4337,3904.5,-10.888331,-19.490988,2
411,-2.690319529,36.7510215,2175,2547,3755,3758.5,3464.5,3600,3634,3052,4155.5,3794,-3.6655052,-11.34898,2
412,-2.683402501,36.75209948,2929,3520,4542,4418,4231.5,4429.5,4474.5,4162,4164,3824.5,-8.999615,-18.363832,2
413,-2.700739986,36.75416561,1903,2286,3942,3917.5,3185,3519,3655,2776,4294.5,3672,-5.8372,-15.444177,2
414,-2.222207434,36.97398336,2003,2325,3620,3684,2969.5,3422,3540,2564,3979,3310,-6.014127,-12.348537,2
415,-2.2554451,36.9766783,2047,2436,3824,3579,2650,3225.5,3355,2669,3614.5,2960.5,-3.5590038,-8.52652,2
416,-2.24843824,36.98584112,2721,3408,4842,4803,4351.5,4610.5,4680.5,4010,5166.5,4487.5,-8.8011265,-14.539789,2
417,-3.960088183,36.97982241,1659,2029,3694,3747.5,2753,3300.5,3565.5,2379,3774.5,3166.5,-14.618988,-22.72356,2
418,-3.976437521,36.9800919,2389,2854,4498,4557.5,3558,4098,4370.5,3401,4468.5,3788.5,-9.698367,-17.307167,2
419,-3.992517365,36.98449365,2384,3041,4416,4497,4047,4322,4413,3675,4964,4405.5,-8.3779335,-15.239129,2
420,-3.923616582,36.98781741,3351,4314,5898,5748.5,5277,5586,5745,5030,6255,5541,-10.232762,-17.152956,2
421,-3.937989627,36.98844623,1982.5,2561,4534,4465,3611.5,4093.5,4360,3359,4666.5,4090.5,-9.308867,-18.414062,2
422,-3.949577894,36.99500394,2598,3291,4832,4811,3948,4516.5,4757,3595,4613.5,3973.5,-9.146479,-17.1826,2
423,-3.985061348,36.99617175,2004,2516,4304,4175.5,3273,3779.5,4000,3129,4459,3833.5,-7.9210362,-15.458358,2
424,-3.936372659,36.99823787,2264,2845,4502,4871.5,4482,4455.5,4700,3698,5895.5,5428.5,-8.849087,-15.113139,2
425,-3.921011468,36.97515117,1773,2305,4118,4198,3462,3781.5,3965,3165,4989.5,4405,-8.312121,-13.326122,2
426,-3.877802503,36.97649864,2551,3226,4966,4807.5,4067,4425.5,4651,3862,5385.5,4602.5,-10.213178,-17.42594,2
427,-3.851571696,36.97964274,2527,3130,4672,4715.5,4217,4380.5,4541.5,3651,5238.5,4037.5,-12.173063,-21.636175,2
428,-3.909243538,36.9900632,4188,5166,6222,6155,6114,6086.5,6228,5714,6453,5611,-10.244034,-17.857481,2
429,-3.91993349,36.99931585,2567,3009,4578,4486,4033.5,4110.5,4316,3554,5186.5,4821.5,-9.792022,-16.627033,2
430,-3.927120012,36.82971392,1859.5,2200,3526,3714,2949,3334,3483,2466,4194.5,3455,-4.0583653,-9.720957,2
431,-3.974101901,36.83321735,2397,2792,3751,3777.5,3628,3616.5,3735.5,3522,4398.5,4083.5,-2.1198132,-9.688125,2
432,-3.932150577,36.8359123,2346,2797,4141,4386,3646.5,3952.5,4038.5,3194,4898.5,3990.5,-6.3455753,-11.445521,2
433,-3.967274705,36.84166152,1918,2317,3732,3884,3135,3479,3643.5,2596,4240.5,3451.5,-4.7848372,-9.912824,2
434,-3.949847389,36.84318865,2329,2688,3495,3410.5,3135.5,3190.5,3306.5,3104,4003,3607,-4.2868547,-9.981439,2
435,-3.186818386,36.83160039,1871,2266,3420,3561,2970,3251,3425,2628,4105,3409,-8.913211,-16.684977,2
436,-3.17702675,36.83609196,2118,2582,3990,4053,3539,3767,3888,3118,4884,4040,-8.255823,-14.543055,2
437,-3.100490287,36.84956669,2500,2970,3818,3787,3531,3640,3700,3352,3610,3225,-8.8378105,-18.120337,2
438,-3.522249313,36.74266717,2190,2432,4204,4078.5,3753,4216.5,4210,3712,4411.5,3875,-6.145263,-12.0484705,2
439,-3.524854428,36.74293667,2380,2728,4146,4130.5,3873.5,3990.5,4158,3638,5170.5,5087,-3.8729305,-9.969841,2
440,-3.516949253,36.74383498,2122,2559,3623,3440,3090,3206,3290,3118,3936.5,3877,-3.4838512,-7.252228,2
441,-3.510750878,36.74401465,2928,3237,4238,4128.5,3803,3957.5,4006.5,3611,3744.5,3404.5,-6.7677712,-14.422054,2
442,-3.526561227,36.74419431,1760,2289,4454,4166,4007,4155.5,4212,3796,5298,5352,-4.3668346,-9.315947,2
443,-3.512996666,36.74482313,3015,3557,4532,4448,4108,4266,4401,3947,4216,3896,-6.067186,-11.87737,2
444,-3.52027302,36.74500279,2028.5,2452,3555,3647,3452.5,3517,3637,3141,4451.5,4199.5,0.74904174,-12.856698,2
445,-3.510571215,36.74545195,2354,2808,4066,3846.5,3560.5,3564.5,3743,3475,4498,4400.5,-2.8548458,-10.284718,2
446,-3.518656052,36.74563161,2714,3286,4561,3925.5,3921.5,3964,4136,4287,4546,4134.5,-1.358597,-9.665411,2
447,-3.531322298,36.74608077,2779,3139,3989,3888.5,3563.5,3799.5,3828,3659,4097.5,3584.5,-4.4571834,-9.216539,2
448,-3.529256172,36.74626043,2753,3230,4376,4290.5,3924,4136.5,4253.5,3871,4028,3601.5,-6.0308037,-13.073303,2
449,-3.523057797,36.74652993,2815,3221,4034,3683,3720,3751,3816,3766,4321.5,4041,-3.2445426,-11.698799,2
450,-3.51676959,36.7481469,2175,2535,4011,4072.5,3781,4052.5,4028,3626,5014.5,4318.5,-1.952432,-11.85002,2
451,-3.505360986,36.74904521,2985,3613,4604,4293.5,4382,4333,4344,4304,4152,3887,-12.429361,-19.770475,2
452,-3.518925547,36.74949437,2175,2574,4092,3557,3822.5,3676,3727.5,3511,4195.5,3997,-2.0152655,-11.294853,2
453,-3.515062791,36.74994353,2338,2745,4012,3908,3844.5,3938,3983.5,3744,5041.5,4691,-4.876616,-10.887763,2
454,-3.471853826,36.75003336,2726,2945,3430,3361.5,3120.5,3259,3319,3060.5,3349.5,2974,-8.49769,-16.504616,2
455,-3.483801419,36.75084184,2647,2992,3983,3964.5,3619,3776,3920,3307,4638.5,3977.5,-7.3615847,-15.592995,2
456,-3.513355992,36.7527283,2310,2670,3744,3507,3702.5,3707,3681.5,3586,4247,3945,-3.44604,-11.330372,2
457,-3.481016642,36.75605207,3479,4009,4708,4262,4193,4104,4206,4414,4451.5,3980,-12.715786,-20.137825,2
458,-3.499521937,36.75946567,2287,2765,4144,3984,3488,3678,3845.5,3320,4882.5,4027.5,-7.6303,-14.781414,2
459,-3.485328555,36.76494539,3293,3462,3855,3844,3731,3823,3835.5,3537,3560.5,3212,-9.380486,-18.007666,2
460,-3.469428375,36.76997596,2173,2502,3551,3634,3149.5,3327.5,3445,2843,4026.5,3414,-9.378005,-17.256985,2
461,-3.479938663,36.77195225,2510,2855,3974,3748.5,3175.5,3491.5,3638.5,3204,3918.5,3273.5,-7.6047697,-14.08608,2
462,-3.483172598,36.77536585,1879,2146,3407,3404,2826,3219.5,3338,2366,3550,3066,-9.355246,-15.815464,2
463,-2.767484812,36.89196717,1814,2130.5,3721,3750,2665.5,3354,3612,2418,3423.5,2832.5,-7.8997674,-14.793538,2
464,-2.804585233,36.92610315,2074,2540,3991,3955,3304.5,3711.5,3855.5,3088,4453.5,3834,-6.507959,-12.77839,2
465,-3.081535835,36.81650869,2559,2909,3848,3815.5,3404,3634,3776.5,3174,3547,3084,-10.191453,-17.082653,2
466,-3.073181503,36.83447499,3303,3516,3942,3813.5,3827.5,3845.5,3899.5,3749,3507,3229,-6.7289157,-17.553236,2
467,-3.062940708,36.86564653,2730,3153,4554,4366.5,3859,4170,4348.5,3678,4605.5,3896.5,-9.014533,-15.434548,2
468,-2.597254065,36.9669765,2433,2831,4031,3948.5,3340,3563.5,3690.5,3290,4208.5,3486.5,-8.536653,-17.747845,2
469,-2.603811767,36.96742566,4016,4432,5798,5387.5,5276.5,5599,5290,5220,5080,4493.5,-9.402846,-14.811636,2
470,-2.549194198,36.96814431,1635,1863,2847,3109,2584.5,2825.5,2977.5,2095,3589.5,3011.5,-10.085574,-17.97697,2
471,-2.554224763,36.9684138,2013,2310,3403,3486.5,2900,3094,3349,2629,3729,3183,-9.169701,-16.19531,2
472,-2.56464522,36.97092909,2895,3506,4948,4870.5,4423.5,4611,4682.5,4156,5071.5,4437.5,-9.225896,-17.242771,2
473,-2.582611526,36.9749715,2233,2645,3910,3837,3377,3610.5,3790,2921,3654,3172.5,-9.205653,-16.180532,2
474,-2.593840467,36.97613931,2306,2683,4095,3970,3299,3729,3835,2966,3710,3174.5,-10.637131,-17.62923,2
475,-2.59635575,36.99069202,2810,3506,4024,3884.5,3787.5,3802,3861,3760,3812,3398,-11.200403,-20.89946,2
476,-3.966017064,36.73224671,2599,2978,4258,4300.5,4072.5,4212,4188.5,3758,4634.5,4380.5,-4.7141285,-8.623877,2
477,-3.970059482,36.73808576,1809,2253,3156,3155.5,2753.5,2934.5,3053,2569,3120,2711.5,-9.664829,-17.599356,2
478,-3.992876691,36.73853492,1853.5,2245,3638,3553,3438.5,3636,3597,3152,4344,4052.5,-4.189853,-11.499122,2
479,-3.968981504,36.74221801,1991.5,2488,4054,3918,3269,3610,3808,3040,3942.5,3612,-3.9888244,-12.519271,2
480,-3.924604729,36.7495842,1631,1835,2835,2829.5,2337.5,2507.5,2654.5,2173,3478,2885.5,-7.290829,-14.510535,2
481,-3.937270975,36.75704022,1751,2037.5,3221,3253,2651,2904.5,3057,2389,4112.5,3357,-7.7042336,-15.322897,2
482,-3.95290166,36.7581182,2173,2561,3742,3752.5,3610.5,3750.5,3762.5,3411,4414,4079,-2.1101835,-9.759075,2
483,-3.9293658,36.76081314,1655.5,1929,3010,3040,2434,2750,2888.5,2191,3534,2886,-9.1394825,-14.341319,2
484,-3.947871095,36.76503522,2106,2623,3885,4097.5,3486.5,3755.5,3941.5,2910,4353,3653,-5.494373,-13.593224,2
485,-3.942840529,36.76773017,2250,2506,3439,3449,3092.5,3287,3459.5,2736,3497,3058,-9.041103,-15.066328,2
486,-3.958561047,36.77024545,2197,2533,3739,3506.5,3031,3300.5,3451,2871,3303.5,2877.5,-7.335248,-14.664439,2
487,-3.975090048,36.77680315,2898,3248,4216,3845.5,3442.5,3629.5,3786,3786,3848.5,3324.5,-7.3508635,-14.236087,2
488,-2.868096123,36.97928342,2829,3637,4952,4480.5,4113.5,4395.5,4524,4460,4801,4146,-9.654221,-16.37888,2
489,-2.863155389,36.9951836,2925,3483,4588,4390,4159,4311.5,4408.5,3965,4364.5,3922.5,-11.07625,-18.712246,2
490,-3.090878314,36.9703901,2105.5,2425,3227,3178.5,2653.5,2992.5,3131,2739,3234.5,2768,-9.106708,-16.374039,2
491,-3.028086075,36.98134954,1947,2238,3091,3117.5,2734,2962.5,3069,2531,3601,3163,-8.336372,-17.121553,2
492,-3.069139084,36.9900632,2381,2723,3736,3808.5,3265.5,3499,3672,3085,3823,3272,-7.1729627,-16.270811,2
493,-3.026738603,36.99680057,2444,2858,3294,3184,3307,3307,3294.5,3187,3571.5,3244,-7.3812313,-13.392526,2
494,-2.279879275,36.96760532,1959,2293,3293,3340.5,2853,3148.5,3244.5,2535,3356.5,2886.5,-8.474462,-15.046976,2
495,-2.27484871,36.9766783,1938,2324,3736,3878,3227.5,3624.5,3737.5,2701,4154,3533,-7.059224,-14.4488,2
496,-2.342312188,36.98108005,2022,2394,3149,3105.5,2837.5,2984.5,3061.5,2754,3827,3247,-9.447284,-15.839413,2
497,-2.317608517,36.98296651,1621.5,1927.5,3176,3119.5,2285.5,2827,2985.5,2040.5,3011,2393,-8.436333,-14.585213,2
498,-2.290479396,36.98844623,1667.5,1914,3062,3111.5,2397,2778.5,2937.5,2080,3282.5,2648,-8.923016,-15.274686,2
499,-2.858304487,36.87858227,1851,2280,3723,3723,3044.5,3432,3622,2688,4231.5,3689.5,-15.358575,-23.427904,2
500,-2.900615137,36.88433149,2022,2425,3931,3915,3299,3691,3833,2971,4186,3723.5,-7.736917,-13.396475,2
501,-2.869174102,36.89960285,1840.5,2272,3743,3793.5,3166,3524,3674.5,2861,4178,3578,-10.089195,-17.60427,2
502,-2.894686256,36.90678937,2141,2523,4069,4034,3349.5,3791.5,3931,2871,4105.5,3457,-6.1450057,-11.688473,2
503,-2.838721214,36.92286922,1928.5,2205,3537,3641,2792,3296.5,3488.5,2449,3931.5,3235,-7.5548506,-13.018215,2
504,-2.873396184,36.9370626,2299,2736,4349,4325,3385,4030,4190.5,3028,4154.5,3497.5,-5.1839557,-10.351849,2
505,-3.190142153,36.81875448,1838,2258,2952,2918,2645,2836,2921,2536,2948,2614,-8.456414,-16.892141,2
506,-3.234339265,36.83770893,2100,2530,3489,3383.5,3098.5,3330.5,3432,2856,3208.5,2780.5,-8.027766,-16.182533,2
507,-3.23406977,36.85693288,2045.5,2513,3483,3302.5,2820.5,3114,3252.5,2785,3556.5,3028.5,-8.214075,-15.861633,2
508,-3.263624343,36.86492788,1970,2377,3890,3898.5,3249,3626,3802,2790,4355,3767,-7.649394,-15.3512535,2
509,-2.268829997,36.8410327,2022,2412,3629,3724,3242,3393.5,3556.5,2952,4316,3791,-11.783613,-17.623322,2
510,-2.305571092,36.84875821,2173,2601,4198,4245,3465.5,4014.5,4177.5,2893,3990.5,3656.5,-4.307835,-13.743141,2
511,-2.28311321,36.8641194,5070,5230,5798,5911.5,5882,5942.5,5920,5524,5206,4460,-6.4789295,-12.094759,2
512,-2.183939203,36.78713378,1772,2145,3418,3251.5,2976,3136,3179,2828,3694,3389.5,-11.342333,-19.53012,2
513,-2.179986616,36.79701525,1947,2349,3523,3514,3297,3403.5,3476.5,3060,4145.5,3819.5,-12.762795,-20.9749,2
514,-2.206037759,36.80707638,3418,4150,5590,5196.5,4834.5,5093,5114.5,4990,5590.5,4987.5,-11.058201,-18.558968,2
515,-2.195168144,36.80977132,1873.5,2437,3958,3874,3780.5,3881,3892.5,3574,4495.5,4173.5,-13.155543,-22.908718,2
516,-2.265057073,36.82674948,1989,2309,3425,3271,2956,3077,3191,2726,3734.5,3286.5,-11.870262,-17.38538,2
517,-2.249695882,36.84992602,2550,3369,4290,4086.5,3905.5,4015.5,4097,3864,4268.5,3902,-10.554052,-20.085419,2
518,-2.259218024,36.85998715,2339,2787,3872,3891,3520,3678,3786,3264,4445,3913.5,-10.616901,-17.805798,2
519,-2.909688121,36.84444629,2117,2504,4132,4072,3064,3622.5,3882,2722,4306,3385.5,-8.413479,-14.900265,2
520,-2.889116701,36.86232277,2141,2549,4052,4007,3352.5,3706.5,3874.5,3028,4569.5,4044.5,-7.49436,-12.864221,2
521,-2.890284511,36.87184491,1944,2374,3864,3914.5,3286.5,3647.5,3816.5,2913,4296,3772.5,-7.989211,-13.902181,2
522,-3.371422177,36.87660598,1732,2080,3602,3893.5,3125,3483.5,3757.5,2300,3897.5,3243,-8.477743,-14.702454,2
523,-3.328033549,36.88163655,2657,3113,4812,4592.5,3709,4281,4454,3730,4681,3771.5,-9.977769,-16.699675,2
524,-3.282039806,36.88531964,1406,1682,2359,2551.5,2187.5,2432,2524,1917.5,2405,2086.5,-8.611929,-14.95293,2
525,-3.320397869,36.89394347,1786.5,2196.5,3499,3808.5,3154.5,3559,3692.5,2552,4013,3357.5,-8.583091,-14.095765,2
526,-3.322374163,36.90651988,1756.5,2163,3610,3583,2945,3339,3495.5,2630,3961,3409.5,-9.071571,-16.152277,2
527,-3.308001118,36.91720983,1822,2194,3455,3427.5,2850.5,3164,3328.5,2621,3662,3134,-8.291345,-13.4487705,2
528,-3.366032285,36.93382866,2269,2755,4948,5020.5,3656,4566.5,4831,3091,4303.5,3364.5,-8.977629,-13.662058,2
529,-2.166871213,36.74626043,1757,2013,3155,3165.5,2573.5,2890,3004.5,2288,3762.5,3012.5,-10.422913,-18.020039,2
530,-2.110546844,36.75200965,3273,3576,4620,4800.5,4649.5,4710,4769.5,4134,4429.5,4087,-6.3204126,-11.050737,2
531,-2.127614835,36.75407578,2032,2488,3862,3823,3447,3524,3623,3242,4716,4171,-10.049845,-17.32296,2
532,-2.110187518,36.7547046,4516,4870,5706,4964,5065.5,5149,5250.5,5260,4621.5,4026.5,-3.757621,-12.674419,2
533,-2.117284209,36.75596224,2753,3188,4356,4146,3984.5,4036,4162.5,3905,4810.5,4391.5,-11.29275,-20.349825,2
534,-2.109379034,36.75919617,3328,3529,4244,4524,4588,4659,4956,3998,4575.5,3920.5,-3.876275,-12.858732,2
535,-2.108840045,36.76000466,4073,4296,5064,5644.5,5821,5874.5,5692,4890,5248.5,4422.5,-4.0836134,-12.617479,2
536,-2.109199371,36.76171146,2944,3206,4206,4797,4561.5,4713.5,4715.5,3678,4825,4407,-6.0717783,-11.261217,2
537,-2.107672235,36.76377758,2878,3146,4556,4881,4671.5,4787.5,4856,3981,4824,4240,-5.486656,-11.063391,2
538,-2.13084877,36.76494539,1796,2065,3320,3254.5,2750.5,2939.5,3077,2495,4051,3488,-9.719152,-18.215233,2
539,-2.111894317,36.76512505,2947,3353,4386,4217,3981,4061.5,4249,3871,4231,3568,-2.0528402,-11.57752,2
540,-2.11144516,36.76719118,2913,3625,4466,4071.5,3965,4053.5,4009,3992,4130,3686,-5.603977,-10.172658,2
541,-2.092760202,36.76737084,2147,2416,3772,3672.5,3025.5,3373,3540,2819,3867,3129,-10.789181,-18.577173,2
542,-2.142167542,36.77868962,1790.5,2061.5,3366,3390.5,2723,3096.5,3242,2340,3611,3023,-6.841722,-16.57397,2
543,-3.58495172,36.78398968,1912.5,2387,4065,4109.5,3406,3723,3895,2980,4888,4037.5,-5.2111073,-12.88312,2
544,-3.622052141,36.80950183,2402,2904,4590,4284.5,3455.5,3794.5,3967,3477,4926,3919.5,-4.4559393,-8.960908,2
545,-3.563122659,36.82872578,2732,3013,4121,4324,4084.5,4353.5,4497.5,3601,4878.5,3931.5,-10.315336,-15.788721,2
546,-3.613248652,36.8538786,2662,3037,3940,4173.5,3803.5,3824.5,3920,3469,4905,4424.5,-5.8452854,-11.62135,2
547,-3.617919891,36.85801085,2544,3096,4081,4028,3793.5,3912.5,4012.5,3630,5048,4570,-6.661895,-13.408564,2
548,-3.588185655,36.86142445,1811,2227,4062,4148.5,3023.5,3705.5,4011,2457,3815,3127,-8.728997,-14.614327,2
549,-3.601121395,36.87112626,2402,2774,3713,3688,3485.5,3547.5,3586,3244,4245,4082.5,-3.2812066,-11.971171,2
550,-2.627257796,36.89187734,3062,3564,4548,4557.5,4447,4547,4533,4124,4690.5,4164.5,-5.1707873,-10.81547,2
551,-2.554134932,36.90750803,1920,2246,3384,3456,3014,3241.5,3353.5,2585,3554.5,3018.5,-7.629507,-13.816219,2
552,-2.587103103,36.91469455,1977,2417,3808,3814.5,3120,3468,3623.5,2917,4108.5,3456.5,-8.984609,-16.870792,2
553,-2.548655208,36.92772012,3050,3996,5324,5421,5246,5393,5319,4696,5732,5002,-12.116137,-19.54308,2
554,-2.571292753,36.93248119,2022.5,2434,3785,3846,3249,3444.5,3605,2970,4447.5,3731,-6.153637,-12.157989,2
555,-2.57811995,36.9470339,2132,2448,3506,3714.5,3156,3444.5,3544,2809,4061,3540,-9.065853,-17.539124,2
556,-2.605249071,36.95125598,2272,2683,3985,4051.5,3669,3887.5,3984,3238,4280,3565,-9.481236,-17.434338,2
557,-2.58458782,36.95332211,2115,2503,3738,3746.5,3317,3571.5,3632,2902,3912.5,3495,-10.370372,-16.09124,2
558,-2.560333307,36.95350177,1793,2016,3050,2916,2547,2703,2816.5,2354,3251,2807.5,-8.918609,-14.682857,2
559,-2.617735654,36.95422042,2302,2724,3869,3551.5,2843,3227,3371.5,3123,3823,3251,-7.6989264,-13.813994,2
560,-2.597433728,36.95484924,2299,2747,3876,3896,3495.5,3608.5,3736,3265,4258,3619,-7.4329023,-13.892697,2
561,-2.568597808,36.95556789,2734,3250,4628,5140,4810,4984,4843,3872,4752,3900,-6.8677936,-11.736529,2
562,-2.571831743,36.95691537,2322,2582,3799,3803.5,3390.5,3652.5,3727.5,3173,3937,3504.5,-4.1536255,-12.875219,2
563,-2.565633367,36.95718486,2639,2954,4506,4476.5,4156,4449,4455.5,3531,4376,3870,-2.287804,-13.809217,2
564,-2.571741911,36.95898149,2478,2732,3238,3457.5,3319,3451,3449.5,2974,3820.5,3500.5,-5.1791134,-12.811148,2
565,-2.561141791,36.96122728,4154,4436,5036,4993,4878,4928,4981.5,4520,4684.5,3928,-7.608793,-15.100334,2
566,-2.555392573,36.96293408,3088,3413,5462,5618,3838,5184,5572.5,3490,3871,2943.5,-6.553433,-13.039429,2
567,-2.622586556,36.96455105,1959,2385,3758,3675.5,2987.5,3296.5,3504,2860,4197,3452.5,-5.080863,-12.868064,2
568,-3.400078435,36.88505014,3043,3314,3985,3801,3578.5,3740.5,3817.5,3618,3834,3541,-2.093662,-12.51852,2
569,-3.405558158,36.89070953,2027,2478,4194,4237,3525.5,3852.5,4042,3173,4061.5,3343.5,-10.753851,-17.254265,2
570,-3.383100276,36.89439262,2450,2867,4242,4243.5,3212,3899,4178.5,3075,3372,2733,-6.517624,-12.985636,2
571,-3.421727833,36.89789605,2416,2643,3373,3514,3254,3405.5,3524.5,3063.5,3604.5,3365.5,-3.7435455,-10.440095,2
572,-3.423793958,36.90238763,2248,2549,3733,3683.5,3352.5,3636.5,3637.5,3009,3985.5,3693.5,-4.8314466,-11.830145,2
573,-3.407354788,36.90598089,1955,2237,3255,3287,2653.5,3001.5,3107.5,2421,3650,2991.5,-10.706703,-17.882994,2
574,-3.398820793,36.92574383,2777,3136,4034,4220,3781.5,3964,4218,3489,4105.5,3690,-8.795738,-15.50814,2
575,-3.384807075,36.92942692,2196,2590,3807,3787,3238.5,3571.5,3733.5,2934,3996.5,3413,-10.868811,-19.245308,2
576,-3.432777111,36.93373883,1815,2110,3645,3776,2824.5,3334,3475,2456,3789.5,2988.5,-9.280485,-17.682114,2
577,-2.539851719,36.82234774,2292,2727,3450,3422,3023.5,3284,3385,3035,3258.5,2865.5,-6.5724373,-11.590593,2
578,-2.519190467,36.8342055,2402,2860,4052,4098,3736,3783,3898,3424,4651,3996,-7.230568,-14.826323,2
579,-2.50409877,36.83842758,2164,2598,4024,4088,3598,3783,3870,3164,5136,4290,-7.780761,-14.439835,2
580,-2.473466219,36.84750057,2711,3363,4872,4867.5,4277.5,4449,4563.5,4031,5895,5035.5,-9.971495,-17.06063,2
581,-2.543355148,36.84875821,2074,2325,3429,3500,2886.5,3216,3318.5,2593,3758.5,3137,-6.2922287,-14.350749,2
582,-2.45765587,36.84938703,2970,3344,4240,4171,4202,4231,4247,3778,4235,3762,-3.9993954,-8.563903,2
583,-2.480023921,36.86690418,1894.5,2155,3498,3586,2992.5,3190,3335,2694,4416,3562.5,-6.9756923,-12.947704,2
584,-3.743324705,36.73601964,2332,2890,4818,4237.5,3860.5,4048,3916.5,4344,4123,3868,-5.462375,-9.65112,2
585,-3.831000276,36.76350809,3384,3768,4664,4531,4022,4288,4436,4232,5541,5167,-10.402717,-19.684792,2
586,-3.830371456,36.76907764,1916,2192,3288,3355,2846,2938,3063,2636,4310,3318,-4.9141707,-10.2598715,2
587,-2.446067603,36.97092909,3406,3842,4464,4443.5,4439.5,4437,4468.5,4154,4768.5,4279,-12.18333,-20.994894,2
588,-2.380490587,36.97362403,2079,2360,3034,2985,2626,2811.5,2918,2544,3085,2615,-10.331947,-17.756052,2
589,-2.401780659,36.97748679,2231,2484,3059,3062,2871.5,2943,2996,2749,3291,2836,-8.247141,-15.76725,2
590,-2.446337097,36.98081055,2429,3024,4164,4171.5,3899,3986,4066.5,3626,4867,4296.5,-6.948539,-15.191973,2
591,-2.438162428,36.98961404,1991,2351,3522,3534.5,3135,3315.5,3418.5,2769,4030,3444.5,-6.2153645,-14.43697,2
592,-2.695799252,36.88711627,2152.5,2431,3576,3566.5,2839.5,3281.5,3466.5,2659,3501.5,3071.5,-3.8304868,-9.639156,2
593,-2.638127411,36.89196717,2650,3237,4420,4461.5,4316.5,4400.5,4486,3898,5263,4705,-6.651947,-13.511735,2
594,-2.721850395,36.90364527,1606,1931,3387,3417,3098.5,3360.5,3462,2731,4548,3760.5,-7.6621056,-14.199351,2
595,-2.702806111,36.9305049,2210,2583,4048,4076,3477.5,3757,3946,3066,4896,4247,-8.366173,-15.226658,2
596,-2.663909059,36.9384999,2285,2815,4372,4505,4017.5,4270.5,4382.5,3531,4818,4186.5,-7.861365,-16.020897,2
597,-2.640283367,36.94622542,1907,2194,3722,3914.5,2772.5,3459.5,3610.5,2449,3843.5,3066.5,-8.924943,-15.371178,2
598,-3.462062189,36.79018805,2489,2751,3406,3394.5,3103,3228.5,3355,2963,3491,3039.5,-9.357201,-16.088158,2
599,-3.421817665,36.80177632,2114,2631,4142,4120.5,3617.5,3965,4075.5,3243,4090.5,3516.5,-3.0065875,-7.2322536,2
600,-3.382830781,36.81004082,1906,2324,3925,4132,3003.5,3695.5,3942.5,2571,4027.5,3337.5,-7.898236,-13.657857,2
601,-3.392083429,36.82001212,2045,2517,4208,4157.5,3410.5,3842.5,4000.5,3050,4805.5,4069.5,-7.3737416,-14.3469715,2
602,-3.397383489,36.82540201,2017,2417,3938,3860.5,3017.5,3497.5,3671.5,2746,4472,3779.5,-7.9592147,-14.351963,2
603,-3.392263092,36.83465466,1628,1899,3478,3491,2626,3108.5,3314,2128,4071,3382,-7.90254,-14.6633215,2
604,-3.404839506,36.83923607,1957.5,2320,3619,3610,2864.5,3359,3490.5,2619,3854,3212.5,-4.8531914,-11.212337,2
605,-3.396036016,36.84498528,2100,2348,3362,3395.5,2708,3155,3318.5,2714,3646.5,3063.5,-5.4785013,-10.500418,2
606,-3.420021034,36.86160412,2241,2679,3572,3531,3246.5,3468.5,3500,3092,3683.5,3224.5,-7.1595016,-11.843448,2
607,-3.414900637,36.87247373,1722,2123,3642,3872,3138.5,3465,3702,2459,4167.5,3386,-7.801443,-12.253772,2
608,-2.035986676,36.89556043,2115,2463,4091,4204.5,3360.5,3703.5,3919.5,2874,4874,4011.5,-9.396057,-14.885858,2
609,-2.026015376,36.90238763,2772,3340,4822,4592,3933.5,4228.5,4381.5,3774,5315.5,4328.5,-9.336876,-15.534781,2
610,-2.064553102,36.90562156,2122,2488,4212,4340,3314,3795,4037,2844,4878,3986,-8.795971,-15.307035,2
611,-2.031495099,36.91020297,2222,2563,3981,3946.5,3172.5,3527.5,3729,2945,4511.5,3730.5,-9.399079,-18.701195,2
612,-2.059881862,36.91406573,1850,2150,3856,4064,3095,3404,3686,2616,4614,3707,-14.031603,-21.061993,2
613,-2.062846303,36.925654,2828,3610,5384,5129,4731,5037,5146,4532,5388,4946,-10.982471,-19.651417,2
614,-2.05035972,36.92816928,2036,2570,4188,4214,3708,4001,4063,3388,4678,4108,-14.892019,-22.631504,2
615,-2.054671634,36.93418799,2798,3412,4990,5132,4758.5,4930.5,5034,4134,5377.5,4751,-11.13674,-19.901707,2
616,-2.020266158,36.93661344,1903,2231,3735,3720.5,2858.5,3324.5,3501.5,2527,4049,3204.5,-9.112466,-16.946354,2
617,-2.047664774,36.94281182,2273,2674,4038,4101,3513,3720,3867.5,3230,4910.5,4336,-13.893536,-22.54176,2
618,-2.026374702,36.94766272,2032,2560,4264,4396,3791,4025,4208,3394,4970,4373,-12.972558,-21.82961,2
619,-2.004365978,36.95952048,2208,2723,4228,4210.5,3703,3924.5,4036.5,3423,4747.5,4148,-11.975273,-21.101957,2
620,-3.592407737,36.875528,2171,2609,3927,3879,3220.5,3622.5,3807.5,2998,4123.5,3450,-10.210354,-16.459658,2
621,-3.617740228,36.87714497,2293,2691,3648,3641.5,3327,3438,3479,3176,4269,4024.5,-4.421829,-8.79529,2
622,-3.574171937,36.88280436,1956,2409,3810,3716,3122,3454.5,3625,2826,4404.5,3919,-8.900812,-15.871628,2
623,-3.587017845,36.88990105,2358,2749,3878,3822.5,3314,3588,3726.5,3122,4937.5,4754,-10.2300625,-17.250181,2
624,-3.592048411,36.91325724,1900,2337,3879,4082.5,3420,3805,3965,2937,4473,3901,-9.94729,-15.677849,2
625,-3.583694079,36.92906759,2562,2686,4576,4526,3284,3783,4115,2952,4402,3850,-6.023184,-12.438149,2
626,-3.569949855,36.9356253,3937,4222,4438,4245.5,4169,4129,4241,4421,4454.5,4101.5,1.1268885,-3.3877206,2
627,-3.615853766,36.94074569,2730,3393,4966,5017.5,4406.5,4811.5,4972.5,3963,5022.5,4572,-8.821034,-16.491062,2
628,-3.555756473,36.94371013,3209,3787,4584,4465.5,4489.5,4469,4466.5,4326,4521,4291,-10.513509,-18.172682,2
629,-3.602109542,36.95610688,2529,3058,4341,4320,3725.5,4093,4268.5,3496,4318.5,3753,-9.898138,-16.321623,2
630,-3.625465739,36.96131711,2099,2468,4158,4213.5,3248.5,3806,3997,2812,4453.5,3690.5,-5.2579203,-10.912425,2
631,-3.178104728,36.88361284,1942,2473,3689,3657,3189.5,3520.5,3648,2840,3888,3295.5,-9.139768,-15.636644,2
632,-3.102286918,36.91559286,2626,3156,4034,4049.5,3748,4051.5,4109,3512,4265,3635.5,-9.242154,-16.211441,2
633,-3.157712971,36.92754046,1863,2212,3655,3521.5,2912,3369.5,3493.5,2444,3422,2817,-11.210871,-17.625233,2
634,-3.125643115,36.93185237,1744.5,2152,3758,3861.5,2992.5,3656.5,3841.5,2481,3774.5,2992,-7.9833083,-16.222446,2
635,-3.166965618,36.94667457,2261,2806,4003,3965.5,3480.5,3737.5,3931,3241,4122.5,3613,-10.467277,-18.46148,2
636,-3.44562302,36.73709762,2312,2811,3904,3761.5,3318,3498.5,3651,3272,4163.5,3442,-7.9963098,-12.643091,2
637,-3.453438363,36.74455363,5320,5342,5810,5368.5,5863,5909,5685,5278,4736.5,4039,-6.692978,-11.866499,2
638,-3.409870071,36.75560291,2426,2688,3845,3788,3096.5,3579.5,3716.5,2819,3614,2986,-9.577546,-17.166218,2
639,-3.457031624,36.75730971,3226,3302,4808,4583.5,3551.5,4181.5,4396,3535,4132.5,3379,-7.859648,-14.7368965,2
640,-3.455504488,36.76862848,2032,2458,3781,3938.5,3497,3720,3841.5,2852,3919,3482,-7.469428,-13.6561165,2
641,-3.43978397,36.76997596,3268,3446,3986,3904,3885.5,3938.5,3994.5,3663,3621.5,3265.5,-9.392128,-18.639973,2
642,-3.41391249,36.77374888,1762,2178,4496,4458,3207.5,3968,4264,2694,4118,3114.5,-6.5833054,-13.177728,2
643,-3.450384091,36.77392854,1853.5,2152,3341,3344.5,2720,3009,3154,2417,4133.5,3362,-8.156584,-14.316452,2
644,-3.831718929,36.81219678,2096.5,2474,3620,3603,2928.5,3283,3482.5,2725,3734.5,3075,-5.6117663,-12.84193,2
645,-3.906548592,36.82270706,1916.5,2224,3303,3337.5,2748.5,3016,3135.5,2478,3760,3111.5,-7.1800733,-12.815913,2
646,-3.884000878,36.83941573,2416,2991,4748,4647,3688,4222.5,4393.5,3477,4880.5,3868.5,-5.323186,-11.000297,2
647,-3.919125006,36.84911753,2239,2506,4122,4204,3232.5,3685,3841.5,2798,3964.5,3235,-5.7619643,-11.303684,2
648,-3.878970313,36.85504641,2194,2662,4001,4354,3543.5,3885.5,4109.5,2958,5050.5,4159.5,-5.0777783,-11.367552,2
649,-3.870346486,36.86079563,2138,2475,3788,3864,3157.5,3376.5,3458.5,2696,5367,4510.5,-2.6617339,-8.984442,2
650,-3.895589145,36.86402957,2095,2439,3784,3858.5,3053,3412,3570,2720,4564.5,3628.5,-9.130639,-14.147136,2
651,-3.843397027,36.86672451,2409,2674,3661,3639,3097,3360,3486.5,2910,4479,3868.5,-6.655644,-12.200393,2
652,-3.916519891,36.87022794,2305,2569,3441,3561.5,2981,3086.5,3190,2874,5439.5,4546.5,-5.0358,-10.003233,2
653,-3.888672118,36.87130592,2597,2991,4135,4309.5,3635.5,3758.5,3961,3306,6419.5,5460,-2.459498,-8.993776,2
654,-2.333149372,36.87992975,4092,4312,5070,5071.5,4724.5,4984,5051,4530,4405.5,3547.5,-8.19159,-15.255516,2
655,-2.294970972,36.8820857,3045,3474,4242,4249.5,4169,4113.5,4216.5,3914,4326,3973,-6.8318405,-13.931904,2
656,-2.318686496,36.89295532,2032,2416,3706,3697.5,3083,3340,3499.5,2787,4122.5,3440.5,-9.857941,-16.313488,2
657,-2.274040226,36.89654858,1837,2118,3378,3372,2664,3029,3153,2478,3907,3163.5,-10.27231,-17.06083,2
658,-2.305211766,36.90301645,5266,5966,6758,6630.5,6699,6610,6589,6448,5786.5,4118.5,-9.323799,-14.167239,2
659,-2.31365593,36.90921483,2839,3358,4682,4669.5,4026,4234.5,4397.5,3864,4881,3718,-9.898546,-16.799826,2
660,-2.343300334,36.91873697,1878,2139,2885,2995.5,2735,2764.5,2967,2407,3365.5,2988.5,-9.716771,-18.3866,2
661,-2.267931682,36.92008444,2938,3535,4580,4306.5,3997.5,3992.5,4185,4009,5039,4366,-8.992119,-16.776134,2
662,-2.341144378,36.92772012,2189,2589,3774,3877,3461,3611.5,3691.5,3083,4395,3860,-10.216307,-18.61343,2
663,-2.293264173,36.93032524,2515,3067,4204,4542,4145.5,4371,4370,3542,5411,4854.5,-9.845634,-18.609343,2
664,-2.292276026,36.93275069,2679,3385,4370,4624,4360,4469.5,4531.5,3933,5046.5,4552.5,-7.9471016,-17.649368,2
665,-2.335484991,36.93526597,2084.5,2521,3956,3854,3328.5,3579,3703.5,3100,4374.5,3734.5,-5.7016306,-13.281778,2
666,-2.334766339,36.94101519,2641,3130,4826,4869.5,4323,4660,4785.5,3799,4783,4034,-7.3536787,-13.681367,2
667,-2.28778445,36.95475941,2194,2462,3472,3547.5,3071,3317.5,3403.5,2764,3640,3015,-9.34712,-17.130964,2
668,-2.317967843,36.96104762,2083,2278,3375,3341.5,2805,3108,3268,2667,3878,3227,-9.841029,-17.785105,2
669,-3.505271154,36.78533715,2746,3074,4030,4060.5,3796,3928,3987.5,3469,3922.5,3549.5,-7.767513,-14.93003,2
670,-3.523506955,36.79297283,1795.5,2155,3422,3406,2909.5,3175.5,3291,2634,3901.5,3313.5,-8.090168,-14.111714,2
671,-3.525034091,36.82207824,6432,6832,7206,6770,7573.5,7078,7006,7138,5426,5575,-3.4020321,-12.6397295,2
672,-3.484609903,36.84282933,1856,2238,3737,3681,2927.5,3274,3485,2605,4121,3434,-7.754881,-14.434723,2
673,-3.539047809,36.85262096,2170,2771,4326,4115,3475,3901,4094,3153,4481,3781,-7.0050616,-14.120444,2
674,-3.532579939,36.85837018,2075,2589,3979,3833.5,3285,3572.5,3722,3154,5082.5,4730,-8.180082,-13.037589,2
675,-3.526291732,36.87031777,2425,2987,4189,3947,3609,3764.5,3905,3575,5284,4989.5,-9.463467,-17.741884,2
676,-3.515781443,36.87301272,2059,2565,4492,4424.5,3265.5,4046,4290.5,2841,4697,3949,-7.9717417,-13.725743,2
677,-3.719968507,36.9156827,1618.5,1925,4278,4013,2468.5,3490,3833,2014,3800,2834,-12.457336,-19.247965,2
678,-3.668584873,36.93571513,2175,2770,4700,4759,4123.5,4575.5,4714.5,3569,5115.5,4367,-8.991284,-16.747292,2
679,-3.68250876,36.95242379,1603,1867.5,3343,3491.5,2382,3018,3226,2037,3860,2974,-12.361335,-18.917492,2
680,-2.543534811,36.88388233,1867.5,2169,3279,3277.5,2705,2996.5,3132.5,2481,3533.5,2933,-7.890133,-15.258142,2
681,-2.487569769,36.89133835,2316,2798,4288,4131.5,3409,3792.5,3968.5,3300,4160.5,3534,-8.040386,-13.917371,2
682,-2.455499913,36.90759786,3088,3622,3976,3829,4009,4008,3907,3898,4090,3772,-7.731248,-16.945095,2
683,-2.46762717,36.91361657,2471,2961,4231,4200,3794,3933,4062.5,3565,4687,4038.5,-7.5548058,-14.472733,2
684,-2.481371394,36.91909629,2057,2401,3492,3651.5,3287,3381.5,3567,2834,4137,3568.5,-9.282993,-15.830952,2
685,-2.532216039,36.92098276,2329,2528,3437,3522.5,3212,3409.5,3485,2923,3981,3360.5,-10.149206,-18.634676,2
686,-2.483437519,36.92807945,2583,3151,4248,4351.5,4193,4244.5,4311.5,3733,4516.5,4068.5,-10.189047,-17.14447,2
687,-2.46178812,36.93032524,2420,2800,3193,3576.5,3739,3595.5,3599.5,3039,3850,3824.5,0.12972432,-9.360783,2
688,-2.507242874,36.93319984,3373,3990,5098,5064,5106,5086,5111.5,4742,5192.5,4895,-8.09914,-17.153046,2
689,-2.469513632,36.9370626,3121,3790,4548,4332,4446.5,4392,4439.5,4374,4662.5,4631.5,-8.041158,-13.838932,2
690,-2.463405088,36.94397963,3987,4584,5790,4752.5,4761.5,5016,4775.5,5324,4830.5,4175,-3.1519454,-8.629015,2
691,-2.458015196,36.94739323,2826,3392,4180,4060.5,3946.5,3955.5,4072,3848,4186.5,3809.5,-9.996489,-19.477165,2
692,-2.474274703,36.9504475,2694,3010,3366,3325,3345,3352,3423,3204,3268,3054,-11.328083,-19.648956,2
693,-2.526376989,36.95143564,1796,2057,3147,3491.5,2993,3157.5,3336.5,2355,3885,3277,-10.415404,-15.71265,2
694,-2.502481803,36.95368143,2626,3222,4100,3862,3692,3757,3873,3666,4082,3630,-10.836824,-17.951572,2
695,-2.540929697,36.95619672,3807,4103,4988,4289.5,4196,4214,4287,4632,4111.5,3639,0.7753024,-9.191111,2
696,-2.474813692,36.9601493,2157,2576,3358,3359.5,3126.5,3168,3248.5,2942,3669.5,3222.5,-11.15414,-18.20668,2
697,-2.483707013,36.96203576,2022.5,2444,3330,3412,3204.5,3272.5,3327,2841,3568.5,3248.5,-10.644438,-18.46315,2
698,-2.475352681,36.96329341,2045,2341,3083,3090,2906,2982,3059,2716,3372,3005,-8.988723,-18.359844,2
699,-2.453613451,36.96517987,2098,2510,3370,3350.5,3010.5,3166.5,3194,2838,3712.5,3194,-11.008907,-19.645792,2
700,-2.070122656,36.80096783,2305,2617,4166,4325.5,3462.5,3895,4128.5,2992,4554,3680,-12.378879,-18.60469,2
701,-2.073536255,36.82845628,1765.5,1987,3282,3401,2518,3039,3223,2200,3311.5,2614.5,-9.647605,-16.38097,2
702,-2.064283607,36.84247,1640.5,1814.5,3023,3060,2217,2695,2879,1927,3306,2501,-11.068683,-18.040245,2
703,-2.00858806,36.84821922,2447,2860,4390,4564,3682.5,4030.5,4314.5,3277,5177,4173,-9.674337,-15.598808,2
704,-2.08323806,36.85028534,2186,2739,4662,4691,3470.5,4208.5,4464,3135,5128,3954,-10.318011,-18.85337,2
705,-2.013079636,36.86771266,1768,2021,3710,3861.5,2666.5,3277.5,3506,2202,4255,3202,-9.318406,-14.77286,2
706,-3.343843898,36.80716621,2177,2547,4081,3987,3068,3711,3828.5,2755,3824,3161,-7.573961,-13.646341,2
707,-3.334770913,36.83285803,1737,2043,4127,4005.5,2738.5,3533.5,3797,2259,3497,2794.5,-8.215367,-16.359968,2
708,-3.333064114,36.83986489,2240,2658,4055,4053,3439,3835,3979,3073,3808,3329,-6.888261,-15.448381,2
709,-3.291831443,36.86052614,2010,2397,4061,3873.5,2959.5,3624,3819.5,2489,3191,2640.5,-8.701249,-15.498928,2
710,-3.342586256,36.86528721,2639,3245,4968,4760.5,4018,4514.5,4658,3757,5006.5,4183.5,-8.176498,-14.316039,2
711,-3.310965558,36.87013811,1602,1919.5,2788,2781.5,2434,2665.5,2777.5,2229,2962,2612.5,-8.614386,-15.1962385,2
712,-2.998082345,36.97991224,2443,3109,4196,4277.5,4053,4214,4300.5,3639,4336,3851.5,-11.000914,-17.282967,2
713,-2.947597026,36.99257848,2688,3304,4496,4320.5,4152,4204.5,4419.5,3785,4729,4271.5,-11.6290455,-18.501978,2
714,-2.969875245,36.92233023,2477,2802,3592,3188.5,2901,3148,3198,2980,2988,2639,-7.030742,-13.544645,2
715,-2.999968807,36.93113372,2102,2539,3899,3892.5,3350,3651.5,3786,3074,4222,3614,-8.784208,-13.877055,2
716,-2.944183428,36.9384999,1730,2060,3497,3652.5,3174,3470.5,3635.5,2580,4045,3538,-5.929575,-12.350475,2
717,-2.918940768,36.9438898,1808.5,2167,3600,3498.5,2769,3227,3461.5,2617,3867.5,3143.5,-7.9026575,-15.433704,2
718,-2.960083608,36.95170514,2074,2467,4128,4286,3549.5,3858.5,4041,3032,4818,4048.5,-10.043756,-17.301466,2
719,-2.997723019,36.96571886,2149,2584,3428,3401,3139.5,3319,3370,2989,3319,2929,-6.644411,-14.333137,2
720,-2.776557796,36.69559545,2903,3553,4834,4617,4456,4475.5,4535,4234,4751.5,4406,-10.48086,-19.467207,2
721,-2.8161735,36.70763288,2590,3065,3997,4339,4150.5,4228,4355.5,3542,4003,3461,-1.9997743,-11.745394,2
722,-2.80970563,36.70942951,2410,2676,3375,3628,3422,3603.5,3697,3031,3704,3442.5,-9.067696,-16.550783,2
723,-2.73802007,36.7464401,2074,2455,3450,3654.5,3222.5,3398.5,3524.5,2847,4236.5,3782.5,-8.745624,-17.15483,2
724,-2.738559059,36.74868588,1939.5,2328,3817,3873,3267.5,3447,3660,2923,4726.5,4028.5,-8.7321005,-14.990547,2
725,-2.8062022,36.75317746,2421,2707,3157,3319.5,3186,3216.5,3249,2981,3494,3226,-8.063748,-17.655016,2
726,-2.771706893,36.75371645,1693.5,2080,3806,3861,3194.5,3443.5,3649,2796,4566,3894,-10.309521,-17.645073,2
727,-2.745835413,36.75677072,2387,2723,3509,3395.5,3274,3357.5,3357.5,3165,3658,3441.5,-0.6178955,-7.9438148,2
728,-2.806022537,36.75838769,2309,2758,4298,4351,3843.5,4060,4219.5,3344,4614.5,4069,-8.401088,-17.28937,2
729,-2.803507254,36.75874702,2846,3222,4576,4129,3695.5,4054,4155.5,4036,4696,4159,-1.406658,-10.305361,2
730,-2.815454848,36.76045381,1939,2361,3818,3896,3178,3507.5,3661.5,2827,4277,3684,-9.596568,-16.999321,2
731,-2.819407435,36.7629691,2962,3431,4580,4122.5,4028,4204.5,4287,4286,4501,4033,-0.1041929,-7.368862,2
732,-2.804764896,36.76314876,2302,2813,4140,4215,3702,3914.5,4133.5,3267,4360,4221.5,-6.292908,-13.357391,2
733,-2.803417423,36.76620303,2516,3097,4412,4330.5,4012,4262,4344,3394,4382,4035.5,-4.3487005,-8.851299,2
734,-2.81150226,36.76728101,2833,3172,3947,3852.5,3550,3623.5,3701,3399,3689,3262,-2.1477008,-6.916211,2
735,-2.818149794,36.76961663,2684,3220,4456,4030,4004,4088,4126,4028,4291,3775,-1.9870123,-10.231031,2
736,-2.816083668,36.77060478,2437,2820,3518,3334.5,3298.5,3435.5,3404.5,3329,3808.5,3638.5,-4.2072887,-9.362456,2
737,-2.801351298,36.77105394,2593,2947,3750,4145,4417,4404.5,4204.5,3256,4498.5,3950.5,1.2726166,-15.415467,2
738,-2.804854727,36.77231158,3144,3635,4358,4019,4231.5,4119.5,4136.5,3933,4218,4035.5,15.165398,-10.6282015,2
739,-2.816622658,36.77356922,2215,2586,3889,3894.5,3871,3787,3846.5,3489,4742,4380.5,-2.7753525,-8.836552,2
740,-2.814826027,36.77500652,1822,2113,3561,3488,2757,3301.5,3486.5,2652,3836,3526,-3.5774398,-9.896043,2
741,-2.81734131,36.77581501,2569,3220,5020,4318.5,4297,4516.5,4543,4400,5013.5,4558.5,0.25248608,-10.345258,2
742,-2.815275185,36.776354,2302,2652,3946,4006.5,3990,4061,4031,3432,4618,4264,-5.700448,-9.099604,2
743,-2.814287038,36.77797096,2909,3493,4206,4123,4022.5,4204,4339,3933,4162.5,3652,-2.4940934,-9.986975,2
744,-2.816353163,36.77842012,2950,3454,4426,4451.5,4449,4349,4367.5,3940,5093,4666.5,-3.1386194,-11.13635,2
745,-2.814826027,36.7809354,2391,2829,3486,3690,3662.5,3635,3670,3247,3987.5,3637.5,-1.9940344,-8.711186,2
746,-3.052340588,36.88244503,1997.5,2310,3704,3705.5,2867,3420,3561.5,2499,3527.5,2937.5,-9.506842,-16.271698,2
747,-3.028445402,36.91927596,3169,3770,4532,4233,3858,4108.5,4226,4124,4125.5,3719.5,-6.3375363,-13.064838,2
748,-3.074978133,36.93634395,1862,2315,4366,4328,3495,3909.5,4147,3186,4396.5,3604.5,-9.409275,-17.14296,2
749,-3.052610083,36.94775255,1803.5,2333,3416,3808.5,3252,3590,3716,2548,4415,3774,-12.465786,-19.312374,2
750,-3.530962972,36.87507885,2214,2600,4010,3852,3179.5,3554.5,3745,2841,4076.5,3543.5,-9.728687,-16.596516,2
751,-3.503744018,36.87696531,2322,2705,4172,4144,3500,3955.5,4139,3037,4258,3573,-8.959677,-16.921392,2
752,-3.534196907,36.88073823,2640,3012,4358,4293,3538.5,3984.5,4156,3285,4366.5,3774,-8.520887,-17.729736,2
753,-3.46448764,36.89331465,1937,2385,4286,4334.5,3275.5,3901,4170.5,2867,3987,3383.5,-10.664919,-18.687992,2
754,-3.486316702,36.89609942,2296,3022,4802,4920,4480,4777.5,4881,3993,5645,4640,-8.030411,-16.095606,2
755,-3.515781443,36.9074182,2070,2495,4092,4259.5,3271,3883,4123,2736,3995.5,3338,-8.8911495,-15.695229,2
756,-3.553241191,36.91325724,2651,2853,3847,3956,3640,3873,3866,3148,3996.5,3614,-7.596286,-12.65823,2
757,-3.537430842,36.93302018,2476,2823,3413,3191,3005.5,3116.5,3117,3112,3428,3182.5,-10.724285,-16.476576,2
758,-3.50913391,36.94712373,1879.5,2342,3855,3703.5,2996,3506,3699,2737,3757,3021.5,-7.4471893,-14.509523,2
759,-3.55557681,36.95682554,1997,2465,4076,4229,3626.5,3996,4117,3064,4657.5,3998.5,-8.952745,-16.852425,2
760,-3.514254307,36.96544936,2088,2660,4462,4473.5,3742.5,4210,4400.5,3194,5044.5,4441,-7.4678745,-14.043992,2
761,-3.82237645,36.89565027,2218,2584,3781,3574,2934.5,3202,3445.5,2778,3846.5,3201,-6.285491,-10.7764635,2
762,-3.757338423,36.93373883,2196,2688,4330,4329.5,3472,3985.5,4189,3164,4472.5,3715,-8.944952,-15.144426,2
763,-3.772789446,36.93499647,2590,3179,4800,4649.5,4001.5,4322,4552.5,3803,4883,4299.5,-7.778686,-15.019504,2
764,-3.782670914,36.96023913,2882,3459,5438,5398.5,4454.5,4984,5204,4004,5504.5,4821.5,-11.148379,-18.078827,2
765,-3.92406574,36.89367397,2773,3202,4312,4352,3787,4000,4156.5,3551,5185.5,4441.5,-5.998486,-12.288948,2
766,-3.980120614,36.93319984,2174,2458,3746,3696,2998,3364,3522,2786,4002,3306,-9.994843,-18.828451,2
767,-3.991169892,36.93634395,2124,2578,3806,3897,3302,3662,3842,2882,4147,3550,-10.052456,-18.514608,2
768,-2.99251279,36.79351182,3168,3475,4438,3953,3864,3927,3990.5,4061,4526.5,3831,-9.836216,-18.069386,2
769,-2.914179697,36.82899527,2521,3319,5086,4942,4250,4633,4769,4005,5438,4492,-8.440957,-14.172247,2
770,-2.952897086,36.87103643,1968,2301,3394,3559.5,2965.5,3192,3311,2675,4153.5,3597.5,-7.102469,-15.957483,2
771,-2.248528072,36.88109756,2970,3450,4076,4092,4148.5,4112.5,4181,3825,4323.5,4142,-7.806475,-16.895966,2
772,-2.225980358,36.88774509,1949.5,2318,3639,3911.5,3358.5,3657,3711.5,2894,4463.5,3767,-9.094181,-15.597107,2
773,-2.229753282,36.90283679,2325,2893,4224,3822,3367.5,3635,3709.5,3563,4175,3712,-9.557007,-17.645166,2
774,-2.257870551,36.90867584,1713,2005.5,3402,3504,2677,3153,3300,2109,3700.5,3051.5,-10.033867,-15.063763,2
775,-2.224453222,36.92457602,3003,3878,5324,5069,4755,4958,5012.5,4628,6104,5617.5,-12.728434,-21.704782,2
776,-2.211876808,36.93185237,3216,3864,5224,4990.5,4944.5,4938,5021,4748,4955.5,4623.5,-9.501398,-17.927067,2
777,-2.244755148,36.93284052,3428,3854,5004,5044,4881,4807,4887,4396,5054,4647,-13.804697,-23.736012,2
778,-2.236939805,36.93921856,2472,3017,4348,4016.5,3517.5,3828,3845,3620,4569,3925,-8.402754,-15.078996,2
779,-2.214032765,36.94299148,2239,2490,3442,3526,3204,3354.5,3418,2913,3853,3530,-11.928675,-20.408384,2
780,-2.250684029,36.94775255,3116,3785,5222,5356.5,5201,5273,5340.5,4562,5801,5253,-9.045731,-16.534344,2
781,-2.211876808,36.95502891,2279,2705,3957,3860,3410.5,3571,3757.5,3250,4274.5,3644.5,-7.130405,-13.848156,2
782,-2.251043355,36.9635629,2001,2244,3360,3385,2869,3143,3265.5,2563,3563.5,2970.5,-8.964088,-16.160404,2
783,-2.113690948,36.89412313,1752,1985,3070,3229.5,2512.5,2889.5,3092,2078,3719.5,3053,-10.991575,-18.616886,2
784,-2.108570551,36.90481308,2166,2340,3400,3204,2690,3033,3055,2640,3565,2915,-9.168787,-17.439552,2
785,-2.166961044,36.91846747,3954,4212,4388,4416,4554,4467,4464,4344,4390,3576,-6.969393,-10.121792,2
786,-3.749702743,36.78425917,1562.5,1883,3698,3691,2557.5,3286.5,3528.5,2111,3598.5,2814.5,-9.737986,-15.772176,2
787,-3.768747027,36.81022048,1922,2150,3366,3455,2678,2988,3139,2400,3693,3042,-7.909085,-15.930406,2
788,-3.771172478,36.81489172,1806,2072,3126,3205,2646,2950,3067,2336,3560,2941,-6.4148674,-12.155277,2
789,-3.756799434,36.81848498,2117,2484,3637,3591.5,3063,3294,3399,2928,4010.5,3412,-5.1320314,-11.207348,2
790,-3.786264175,36.82603083,2172,2468,3154,3182,2771,2984,3139,2624,3222,2828,-5.3239813,-11.213958,2
791,-3.800816883,36.84750057,2094,2386,3675,3571,2790,3346.5,3479,2605,3551,2992,-5.610924,-11.287976,2
792,-3.845013995,36.87516868,1932.5,2233,3592,4338,3849.5,4159.5,4399.5,2588,4584.5,3810.5,-8.035614,-14.318457,2
793,-3.872771937,36.91388607,2377,3051,4750,4329.5,3549.5,4095.5,4150,3996,4496.5,3905,-8.950014,-15.747037,2
794,-3.893253526,36.93634395,1968.5,2587,4778,4636,3820,4333,4540.5,3461,4949,4216,-9.476693,-15.559375,2
795,-3.888941612,36.9567357,3159,3638,6142,6197,4860.5,5543.5,5888.5,4218,6121,5282.5,-9.522628,-18.589138,2
796,-3.848697088,36.96275442,3002,3663,5678,5568,4668,5113,5349,4328,5813.5,4947.5,-10.776288,-19.219189,2
797,-3.878431323,36.96419172,2743,3408,5214,5119,4510.5,4821.5,4991.5,4104,5561,4901,-12.620964,-21.28676,2
798,-3.247454668,36.87597716,2253,2747,3652,3633,3360,3532.5,3659,3137,4071,3663.5,-9.397798,-16.340488,2
799,-3.272338001,36.89097903,1886,2281,3344,3313,2868.5,3174,3284.5,2544,3258,2798.5,-7.6279335,-14.170677,2
800,-3.206221996,36.8940333,1808,2306,3812,3736.5,3100.5,3567,3724,2780.5,3361.5,2915.5,-8.261231,-15.918845,2
801,-3.19526255,36.90616055,1810,2314,3410,3478.5,3081.5,3394,3458.5,2794,3416,2968.5,-7.26423,-15.299927,2
802,-3.272697327,36.92071326,1850,2240,3413,3472.5,3016,3259.5,3372.5,2733,4061.5,3690,-9.062281,-16.452583,2
803,-3.270271876,36.92888793,2029,2550,3924,3851.5,3469.5,3724.5,3847,3096,4601.5,3882.5,-6.750153,-14.988287,2
804,-3.191309963,36.9504475,1857,2116,2770.5,2756,2444.5,2599,2744.5,2265.5,2723.5,2451,-9.495943,-17.871656,2
805,-3.65430166,36.78398968,1501,1736,3178,3248,2204.5,2828,3023,1863.5,3352,2592.5,-8.65101,-15.734538,2
806,-3.66427296,36.79441013,1799.5,2084,3026,3074,2579,2774,2883,2372,3654,2994,-9.627542,-16.603817,2
807,-3.68484438,36.80006952,1960.5,2232,3756,3693,2800.5,3281,3506.5,2454,3681.5,3066,-9.652951,-15.069222,2
808,-3.713770132,36.81201711,2162,2597,4586,4613,3490,4233,4526.5,2937,4206,3517,-8.198822,-14.641097,2
809,-3.729400818,36.84723107,1499,1753.5,3134,3499,2395,3166.5,3292.5,1775,3106.5,2571,-9.739876,-15.889581,2
810,-2.443372657,36.87660598,2584,2960,3543,3903,4151.5,4120,3939.5,3355,4014,4083,-1.269317,-11.117896,2
811,-2.41417741,36.8806484,2814,3112,3470,4079,4190,4128,4166,3288,4138,4120,-3.1161118,-9.616939,2
812,-2.440138722,36.88325351,2842,3233,3795,4037,4128.5,4082.5,4063,3606,4192.5,3960.5,-5.534798,-13.7818985,2
813,-2.434569167,36.88945189,2618,3030,3522,3487,3453,3538,3529,3406,3505,3239,-14.749608,-22.254936,2
814,-2.39827723,36.89322481,2808,3460,4656,4567,4558,4548,4593,4352,4810,4373,-12.422962,-21.381828,2
815,-2.430347085,36.89834521,5488,6130,6222,5873.5,6286.5,6158.5,6105,6278,5798,5799,-4.586529,-13.614431,2
816,-2.415794378,36.90526224,4344,4552,5464,5387,4923,5300,5359,4588,4341,3473,-7.7921624,-13.537189,2
817,-2.440228554,36.91676067,2696,3074,4340,3955,4044,4116,3943,3802,4617,4030,-5.8475204,-10.79508,2
818,-2.426753824,36.91819798,1920,2188,2782,3018,2692,2929,3097,2340,3310,2833,-9.785286,-16.60334,2
819,-2.370968445,36.92834894,2138,2524,3427,3472.5,3209.5,3262.5,3426,2810,3820.5,3327,-11.606663,-20.72091,2
820,-2.446426929,36.93490664,3344,3953,4568,4314,4172.5,4224,4248,4308,4191,3999.5,-12.367077,-17.370466,2
821,-2.418938481,36.93607445,2623,3334,4468,3874,3728,3762.5,3748,3904,4210,3783.5,-13.660641,-21.5041,2
822,-2.400343355,36.93930839,2582,3091,3838,3857,3668,3734.5,3802,3481,4126.5,3669,-9.87541,-18.848877,2
823,-2.39180936,36.94182367,1883,2361,3491,3739.5,3267,3486,3565,2734,4392.5,3766,-7.412476,-14.446888,2
824,-2.409955328,36.94568643,2022,2322,3223,3233.5,2920,3014,3127,2667,3548.5,3047.5,-13.011537,-19.224346,2
825,-2.419207976,36.95035767,2399,3047,4220,4269,4019,4179,4189,3707,4759.5,4148.5,-8.892643,-16.310173,2
826,-2.434658999,36.95718486,2257,2425,2652,2681,2632,2625,2665.5,2539,3518.5,2839.5,-13.479489,-19.738506,2
827,-2.087909299,36.78578631,1922,2211,3658,3644,2814,3290.5,3457.5,2392,3770,2949,-9.944575,-17.969534,2
828,-2.127075846,36.78695412,1646,1922,3184,3327.5,2562.5,2971.5,3134.5,2284,4102,3367,-10.792435,-17.413582,2
829,-2.088268625,36.79737457,2234,2624,3909,3817,3163.5,3487,3598.5,3010,4174.5,3419.5,-9.353769,-17.469055,2
830,-2.122943595,36.80069834,1977,2350,3578,3314.5,2782,3092.5,3204.5,2780,4233,3341.5,-10.162693,-18.129835,2
831,-2.167410202,36.80806452,2201,2731,4618,4607,3894,4083,4295.5,3640,5328.5,4428,-10.451623,-18.517942,2
832,-2.098239925,36.80977132,2081,2376,3505,3480.5,2941.5,3187,3356,2673,3829,3143,-10.0172415,-17.20164,2
833,-2.163727109,36.81228661,2217,2662,4316,4287,3763.5,3998.5,4105,3290,4623,4154,-10.374364,-18.69187,2
834,-2.101653523,36.82818679,2208,2462,3599,3551,3070.5,3331,3432.5,2871,3739,3269,-10.608852,-18.249527,2
835,-2.118182524,36.83636146,1748.5,1982,3271,3248,2767,2981,3111,2449,3796.5,3235.5,-10.951265,-18.1627,2
836,-2.13498102,36.85531591,2102,2478,3747,3867.5,3241.5,3562,3703,2853,4291,3574.5,-11.854967,-18.412762,2
837,-2.153755809,36.87139575,3154,3639,4360,4335,4159,4345,4371.5,3825,4676.5,4005,-11.335593,-18.995579,2
838,-3.881305932,36.74356549,2762,3526,4916,4355,4467.5,4513,4473.5,4562,4805,4229.5,-6.2184815,-11.760566,2
839,-3.906997749,36.74428414,2737,3086,4488,4628,4301.5,4513.5,4636,3687,4980,4665.5,-1.232232,-8.734564,2
840,-3.904931624,36.74455363,2231,2515,3968,3866.5,3173.5,3583,3817,2845,3721,3322,-4.73299,-13.404641,2
841,-3.903314657,36.74581128,2901,3294,4632,4637,4251,4575.5,4565.5,3983,5098,4785,-4.38512,-11.656706,2
842,-3.884270373,36.74626043,2634,2953,4880,4754,3528.5,4293,4537,3272,4099,3329,-7.2506514,-14.722195,2
843,-3.905919771,36.74697909,2575,2968,4089,4207,3924.5,4036,4161.5,3383,4539.5,4213,-3.70462,-9.829518,2
844,-3.902955331,36.74832656,2972,3614,5176,5241.5,4957.5,5219.5,5223,4376,5289,4810.5,-4.647526,-9.263668,2
845,-3.870795644,36.75120117,1777,2205,4448,4172.5,3202,3874.5,4046,2520,4323.5,3862,-3.0100117,-9.51945,2
846,-3.869448171,36.75389611,2306,2843,4784,4691.5,3921.5,4415,4626,3504,4696.5,4324.5,-2.6216435,-12.745101,2
847,-3.867471877,36.75398594,1903.5,2311,3752,3812.5,3416,3651.5,3828.5,2905,4200,4002.5,-2.9921749,-7.423195,2
848,-3.882204248,36.75542325,2296.5,2713,4066,4279.5,3854,3879.5,4131,3335,4513.5,4129,-3.7679899,-12.669476,2
849,-3.873939747,36.75632156,2109,2605,4544,4369,3609,4099,4290,3405,4489,4125.5,-5.134477,-9.520847,2
850,-3.842858038,36.75802836,2599,2950,4212,4065.5,3940.5,3994,4204,3633,4496,4314.5,-1.6121742,-10.143459,2
851,-3.863249795,36.75937584,2511,2950,5076,4872,3889,4552,4796.5,3207,4760.5,4160.5,-3.1951663,-12.158419,2
852,-3.852110686,36.75946567,2499,3031,3732,3677.5,3302.5,3469.5,3520.5,3220,4182,3410.5,-7.5863376,-15.84311,2
853,-3.865495583,36.76117247,1814.5,2278,4468,4529.5,3506,4043.5,4451.5,2656,4420.5,3972.5,-5.5393996,-11.95606,2
854,-3.871514296,36.76395724,1977,2263,4118,4340,2932.5,3789.5,4135,2514,3990.5,3307.5,-6.612872,-12.712807,2
855,-3.83764781,36.76476573,2592,3213,4890,4499.5,3825,4149.5,4391.5,3918,4958.5,4032,-8.235067,-14.7691145,2
856,-3.831898592,36.77105394,2020,2312,3514,3521,2901,3125,3260,2734,4406,3341,-5.0754447,-9.9828205,2
857,-3.89882308,36.77392854,2894,3455,4736,4809,4526,4630,4754,4290.5,5054,4839,-3.4925263,-11.642889,2
858,-3.895678977,36.78192355,2704,2981,3887,3804,3651.5,3771.5,3784.5,3273,4182.5,3793.5,-7.3513856,-14.396936,2
